question_id,noise_rate,mode,m,budget,true_positives,false_positives,false_negatives,precision,recall,f1
3hop_comp_0,0.0,classic_lp,0,0,73,0,0,1.0,1.0,1.0
3hop_comp_0,0.0,sell,1,20,22,0,51,1.0,0.3013698630136986,0.4631578947368421
3hop_comp_0,0.0,sell,2,20,34,0,39,1.0,0.4657534246575342,0.6355140186915887
3hop_comp_0,0.0,sell,3,20,38,0,35,1.0,0.5205479452054794,0.6846846846846847
3hop_comp_0,0.0,sell,1,200,22,0,51,1.0,0.3013698630136986,0.4631578947368421
3hop_comp_0,0.0,sell,2,200,34,0,39,1.0,0.4657534246575342,0.6355140186915887
3hop_comp_0,0.0,sell,3,200,38,0,35,1.0,0.5205479452054794,0.6846846846846847
3hop_comp_3,0.0,classic_lp,0,0,75,0,0,1.0,1.0,1.0
3hop_comp_3,0.0,sell,1,20,25,0,50,1.0,0.3333333333333333,0.5
3hop_comp_3,0.0,sell,2,20,36,0,39,1.0,0.48,0.6486486486486487
3hop_comp_3,0.0,sell,3,20,36,0,39,1.0,0.48,0.6486486486486487
3hop_comp_3,0.0,sell,1,200,25,0,50,1.0,0.3333333333333333,0.5
3hop_comp_3,0.0,sell,2,200,36,0,39,1.0,0.48,0.6486486486486487
3hop_comp_3,0.0,sell,3,200,36,0,39,1.0,0.48,0.6486486486486487
3hop_comp_9,0.0,classic_lp,0,0,60,0,0,1.0,1.0,1.0
3hop_comp_9,0.0,sell,1,20,17,0,43,1.0,0.2833333333333333,0.4415584415584416
3hop_comp_9,0.0,sell,2,20,25,0,35,1.0,0.4166666666666667,0.5882352941176471
3hop_comp_9,0.0,sell,3,20,25,0,35,1.0,0.4166666666666667,0.5882352941176471
3hop_comp_9,0.0,sell,1,200,17,0,43,1.0,0.2833333333333333,0.4415584415584416
3hop_comp_9,0.0,sell,2,200,25,0,35,1.0,0.4166666666666667,0.5882352941176471
3hop_comp_9,0.0,sell,3,200,25,0,35,1.0,0.4166666666666667,0.5882352941176471
3hop_comp_10,0.0,classic_lp,0,0,76,0,0,1.0,1.0,1.0
3hop_comp_10,0.0,sell,1,20,24,0,52,1.0,0.3157894736842105,0.4799999999999999
3hop_comp_10,0.0,sell,2,20,38,0,38,1.0,0.5,0.6666666666666666
3hop_comp_10,0.0,sell,3,20,41,0,35,1.0,0.5394736842105263,0.7008547008547009
3hop_comp_10,0.0,sell,1,200,24,0,52,1.0,0.3157894736842105,0.4799999999999999
3hop_comp_10,0.0,sell,2,200,38,0,38,1.0,0.5,0.6666666666666666
3hop_comp_10,0.0,sell,3,200,41,0,35,1.0,0.5394736842105263,0.7008547008547009
3hop_comp_13,0.0,classic_lp,0,0,74,0,0,1.0,1.0,1.0
3hop_comp_13,0.0,sell,1,20,22,0,52,1.0,0.2972972972972973,0.4583333333333333
3hop_comp_13,0.0,sell,2,20,32,0,42,1.0,0.43243243243243246,0.6037735849056604
3hop_comp_13,0.0,sell,3,20,38,0,36,1.0,0.5135135135135135,0.6785714285714285
3hop_comp_13,0.0,sell,1,200,22,0,52,1.0,0.2972972972972973,0.4583333333333333
3hop_comp_13,0.0,sell,2,200,32,0,42,1.0,0.43243243243243246,0.6037735849056604
3hop_comp_13,0.0,sell,3,200,38,0,36,1.0,0.5135135135135135,0.6785714285714285
3hop_comp_15,0.0,classic_lp,0,0,64,0,0,1.0,1.0,1.0
3hop_comp_15,0.0,sell,1,20,15,0,49,1.0,0.234375,0.379746835443038
3hop_comp_15,0.0,sell,2,20,21,0,43,1.0,0.328125,0.49411764705882355
3hop_comp_15,0.0,sell,3,20,21,0,43,1.0,0.328125,0.49411764705882355
3hop_comp_15,0.0,sell,1,200,15,0,49,1.0,0.234375,0.379746835443038
3hop_comp_15,0.0,sell,2,200,21,0,43,1.0,0.328125,0.49411764705882355
3hop_comp_15,0.0,sell,3,200,21,0,43,1.0,0.328125,0.49411764705882355
3hop_comp_21,0.0,classic_lp,0,0,79,0,0,1.0,1.0,1.0
3hop_comp_21,0.0,sell,1,20,34,0,45,1.0,0.43037974683544306,0.6017699115044248
3hop_comp_21,0.0,sell,2,20,43,0,36,1.0,0.5443037974683544,0.7049180327868853
3hop_comp_21,0.0,sell,3,20,47,0,32,1.0,0.5949367088607594,0.7460317460317459
3hop_comp_21,0.0,sell,1,200,34,0,45,1.0,0.43037974683544306,0.6017699115044248
3hop_comp_21,0.0,sell,2,200,43,0,36,1.0,0.5443037974683544,0.7049180327868853
3hop_comp_21,0.0,sell,3,200,47,0,32,1.0,0.5949367088607594,0.7460317460317459
3hop_comp_26,0.0,classic_lp,0,0,80,0,0,1.0,1.0,1.0
3hop_comp_26,0.0,sell,1,20,35,0,45,1.0,0.4375,0.6086956521739131
3hop_comp_26,0.0,sell,2,20,42,0,38,1.0,0.525,0.6885245901639345
3hop_comp_26,0.0,sell,3,20,44,0,36,1.0,0.55,0.7096774193548387
3hop_comp_26,0.0,sell,1,200,35,0,45,1.0,0.4375,0.6086956521739131
3hop_comp_26,0.0,sell,2,200,42,0,38,1.0,0.525,0.6885245901639345
3hop_comp_26,0.0,sell,3,200,44,0,36,1.0,0.55,0.7096774193548387
3hop_comp_29,0.0,classic_lp,0,0,78,0,0,1.0,1.0,1.0
3hop_comp_29,0.0,sell,1,20,30,0,48,1.0,0.38461538461538464,0.5555555555555556
3hop_comp_29,0.0,sell,2,20,40,0,38,1.0,0.5128205128205128,0.6779661016949152
3hop_comp_29,0.0,sell,3,20,43,0,35,1.0,0.5512820512820513,0.7107438016528926
3hop_comp_29,0.0,sell,1,200,30,0,48,1.0,0.38461538461538464,0.5555555555555556
3hop_comp_29,0.0,sell,2,200,40,0,38,1.0,0.5128205128205128,0.6779661016949152
3hop_comp_29,0.0,sell,3,200,43,0,35,1.0,0.5512820512820513,0.7107438016528926
3hop_comp_32,0.0,classic_lp,0,0,80,0,0,1.0,1.0,1.0
3hop_comp_32,0.0,sell,1,20,31,0,49,1.0,0.3875,0.5585585585585586
3hop_comp_32,0.0,sell,2,20,44,0,36,1.0,0.55,0.7096774193548387
3hop_comp_32,0.0,sell,3,20,48,0,32,1.0,0.6,0.7499999999999999
3hop_comp_32,0.0,sell,1,200,31,0,49,1.0,0.3875,0.5585585585585586
3hop_comp_32,0.0,sell,2,200,44,0,36,1.0,0.55,0.7096774193548387
3hop_comp_32,0.0,sell,3,200,48,0,32,1.0,0.6,0.7499999999999999
3hop_comp_35,0.0,classic_lp,0,0,77,0,0,1.0,1.0,1.0
3hop_comp_35,0.0,sell,1,20,23,0,54,1.0,0.2987012987012987,0.45999999999999996
3hop_comp_35,0.0,sell,2,20,34,0,43,1.0,0.44155844155844154,0.6126126126126126
3hop_comp_35,0.0,sell,3,20,35,0,42,1.0,0.45454545454545453,0.625
3hop_comp_35,0.0,sell,1,200,23,0,54,1.0,0.2987012987012987,0.45999999999999996
3hop_comp_35,0.0,sell,2,200,34,0,43,1.0,0.44155844155844154,0.6126126126126126
3hop_comp_35,0.0,sell,3,200,35,0,42,1.0,0.45454545454545453,0.625
3hop_comp_36,0.0,classic_lp,0,0,71,0,0,1.0,1.0,1.0
3hop_comp_36,0.0,sell,1,20,17,0,54,1.0,0.23943661971830985,0.38636363636363635
3hop_comp_36,0.0,sell,2,20,30,0,41,1.0,0.4225352112676056,0.5940594059405941
3hop_comp_36,0.0,sell,3,20,35,0,36,1.0,0.49295774647887325,0.660377358490566
3hop_comp_36,0.0,sell,1,200,17,0,54,1.0,0.23943661971830985,0.38636363636363635
3hop_comp_36,0.0,sell,2,200,30,0,41,1.0,0.4225352112676056,0.5940594059405941
3hop_comp_36,0.0,sell,3,200,35,0,36,1.0,0.49295774647887325,0.660377358490566
3hop_comp_43,0.0,classic_lp,0,0,53,0,0,1.0,1.0,1.0
3hop_comp_43,0.0,sell,1,20,15,0,38,1.0,0.2830188679245283,0.4411764705882353
3hop_comp_43,0.0,sell,2,20,21,0,32,1.0,0.39622641509433965,0.5675675675675675
3hop_comp_43,0.0,sell,3,20,21,0,32,1.0,0.39622641509433965,0.5675675675675675
3hop_comp_43,0.0,sell,1,200,15,0,38,1.0,0.2830188679245283,0.4411764705882353
3hop_comp_43,0.0,sell,2,200,21,0,32,1.0,0.39622641509433965,0.5675675675675675
3hop_comp_43,0.0,sell,3,200,21,0,32,1.0,0.39622641509433965,0.5675675675675675
3hop_comp_46,0.0,classic_lp,0,0,65,0,0,1.0,1.0,1.0
3hop_comp_46,0.0,sell,1,20,23,0,42,1.0,0.35384615384615387,0.5227272727272727
3hop_comp_46,0.0,sell,2,20,31,0,34,1.0,0.47692307692307695,0.6458333333333334
3hop_comp_46,0.0,sell,3,20,31,0,34,1.0,0.47692307692307695,0.6458333333333334
3hop_comp_46,0.0,sell,1,200,23,0,42,1.0,0.35384615384615387,0.5227272727272727
3hop_comp_46,0.0,sell,2,200,31,0,34,1.0,0.47692307692307695,0.6458333333333334
3hop_comp_46,0.0,sell,3,200,31,0,34,1.0,0.47692307692307695,0.6458333333333334
3hop_comp_53,0.0,classic_lp,0,0,75,0,0,1.0,1.0,1.0
3hop_comp_53,0.0,sell,1,20,25,0,50,1.0,0.3333333333333333,0.5
3hop_comp_53,0.0,sell,2,20,37,0,38,1.0,0.49333333333333335,0.6607142857142857
3hop_comp_53,0.0,sell,3,20,39,0,36,1.0,0.52,0.6842105263157895
3hop_comp_53,0.0,sell,1,200,25,0,50,1.0,0.3333333333333333,0.5
3hop_comp_53,0.0,sell,2,200,37,0,38,1.0,0.49333333333333335,0.6607142857142857
3hop_comp_53,0.0,sell,3,200,39,0,36,1.0,0.52,0.6842105263157895
3hop_comp_59,0.0,classic_lp,0,0,66,0,0,1.0,1.0,1.0
3hop_comp_59,0.0,sell,1,20,15,0,51,1.0,0.22727272727272727,0.37037037037037035
3hop_comp_59,0.0,sell,2,20,22,0,44,1.0,0.3333333333333333,0.5
3hop_comp_59,0.0,sell,3,20,28,0,38,1.0,0.42424242424242425,0.5957446808510638
3hop_comp_59,0.0,sell,1,200,15,0,51,1.0,0.22727272727272727,0.37037037037037035
3hop_comp_59,0.0,sell,2,200,22,0,44,1.0,0.3333333333333333,0.5
3hop_comp_59,0.0,sell,3,200,28,0,38,1.0,0.42424242424242425,0.5957446808510638
3hop_comp_60,0.0,classic_lp,0,0,64,0,0,1.0,1.0,1.0
3hop_comp_60,0.0,sell,1,20,30,0,34,1.0,0.46875,0.6382978723404256
3hop_comp_60,0.0,sell,2,20,36,0,28,1.0,0.5625,0.72
3hop_comp_60,0.0,sell,3,20,43,0,21,1.0,0.671875,0.8037383177570093
3hop_comp_60,0.0,sell,1,200,30,0,34,1.0,0.46875,0.6382978723404256
3hop_comp_60,0.0,sell,2,200,36,0,28,1.0,0.5625,0.72
3hop_comp_60,0.0,sell,3,200,43,0,21,1.0,0.671875,0.8037383177570093
3hop_comp_64,0.0,classic_lp,0,0,61,0,0,1.0,1.0,1.0
3hop_comp_64,0.0,sell,1,20,22,0,39,1.0,0.36065573770491804,0.5301204819277109
3hop_comp_64,0.0,sell,2,20,28,0,33,1.0,0.45901639344262296,0.6292134831460674
3hop_comp_64,0.0,sell,3,20,28,0,33,1.0,0.45901639344262296,0.6292134831460674
3hop_comp_64,0.0,sell,1,200,22,0,39,1.0,0.36065573770491804,0.5301204819277109
3hop_comp_64,0.0,sell,2,200,28,0,33,1.0,0.45901639344262296,0.6292134831460674
3hop_comp_64,0.0,sell,3,200,28,0,33,1.0,0.45901639344262296,0.6292134831460674
3hop_comp_67,0.0,classic_lp,0,0,75,0,0,1.0,1.0,1.0
3hop_comp_67,0.0,sell,1,20,28,0,47,1.0,0.37333333333333335,0.5436893203883496
3hop_comp_67,0.0,sell,2,20,37,0,38,1.0,0.49333333333333335,0.6607142857142857
3hop_comp_67,0.0,sell,3,20,42,0,33,1.0,0.56,0.717948717948718
3hop_comp_67,0.0,sell,1,200,28,0,47,1.0,0.37333333333333335,0.5436893203883496
3hop_comp_67,0.0,sell,2,200,37,0,38,1.0,0.49333333333333335,0.6607142857142857
3hop_comp_67,0.0,sell,3,200,42,0,33,1.0,0.56,0.717948717948718
3hop_comp_72,0.0,classic_lp,0,0,74,0,0,1.0,1.0,1.0
3hop_comp_72,0.0,sell,1,20,28,0,46,1.0,0.3783783783783784,0.5490196078431372
3hop_comp_72,0.0,sell,2,20,41,0,33,1.0,0.5540540540540541,0.7130434782608697
3hop_comp_72,0.0,sell,3,20,43,0,31,1.0,0.581081081081081,0.735042735042735
3hop_comp_72,0.0,sell,1,200,28,0,46,1.0,0.3783783783783784,0.5490196078431372
3hop_comp_72,0.0,sell,2,200,41,0,33,1.0,0.5540540540540541,0.7130434782608697
3hop_comp_72,0.0,sell,3,200,43,0,31,1.0,0.581081081081081,0.735042735042735
3hop_comp_73,0.0,classic_lp,0,0,72,0,0,1.0,1.0,1.0
3hop_comp_73,0.0,sell,1,20,35,0,37,1.0,0.4861111111111111,0.6542056074766355
3hop_comp_73,0.0,sell,2,20,35,0,37,1.0,0.4861111111111111,0.6542056074766355
3hop_comp_73,0.0,sell,3,20,35,0,37,1.0,0.4861111111111111,0.6542056074766355
3hop_comp_73,0.0,sell,1,200,35,0,37,1.0,0.4861111111111111,0.6542056074766355
3hop_comp_73,0.0,sell,2,200,35,0,37,1.0,0.4861111111111111,0.6542056074766355
3hop_comp_73,0.0,sell,3,200,35,0,37,1.0,0.4861111111111111,0.6542056074766355
3hop_comp_75,0.0,classic_lp,0,0,71,12,0,0.8554216867469879,1.0,0.922077922077922
3hop_comp_75,0.0,sell,1,20,27,2,44,0.9310344827586207,0.38028169014084506,0.54
3hop_comp_75,0.0,sell,2,20,36,3,35,0.9230769230769231,0.5070422535211268,0.6545454545454545
3hop_comp_75,0.0,sell,3,20,38,5,33,0.8837209302325582,0.5352112676056338,0.6666666666666666
3hop_comp_75,0.0,sell,1,200,27,2,44,0.9310344827586207,0.38028169014084506,0.54
3hop_comp_75,0.0,sell,2,200,36,3,35,0.9230769230769231,0.5070422535211268,0.6545454545454545
3hop_comp_75,0.0,sell,3,200,38,5,33,0.8837209302325582,0.5352112676056338,0.6666666666666666
3hop_comp_77,0.0,classic_lp,0,0,78,0,0,1.0,1.0,1.0
3hop_comp_77,0.0,sell,1,20,24,0,54,1.0,0.3076923076923077,0.47058823529411764
3hop_comp_77,0.0,sell,2,20,35,0,43,1.0,0.44871794871794873,0.6194690265486726
3hop_comp_77,0.0,sell,3,20,35,0,43,1.0,0.44871794871794873,0.6194690265486726
3hop_comp_77,0.0,sell,1,200,24,0,54,1.0,0.3076923076923077,0.47058823529411764
3hop_comp_77,0.0,sell,2,200,35,0,43,1.0,0.44871794871794873,0.6194690265486726
3hop_comp_77,0.0,sell,3,200,35,0,43,1.0,0.44871794871794873,0.6194690265486726
3hop_comp_81,0.0,classic_lp,0,0,70,0,0,1.0,1.0,1.0
3hop_comp_81,0.0,sell,1,20,21,0,49,1.0,0.3,0.4615384615384615
3hop_comp_81,0.0,sell,2,20,31,0,39,1.0,0.44285714285714284,0.6138613861386139
3hop_comp_81,0.0,sell,3,20,31,0,39,1.0,0.44285714285714284,0.6138613861386139
3hop_comp_81,0.0,sell,1,200,21,0,49,1.0,0.3,0.4615384615384615
3hop_comp_81,0.0,sell,2,200,31,0,39,1.0,0.44285714285714284,0.6138613861386139
3hop_comp_81,0.0,sell,3,200,31,0,39,1.0,0.44285714285714284,0.6138613861386139
3hop_comp_84,0.0,classic_lp,0,0,76,0,0,1.0,1.0,1.0
3hop_comp_84,0.0,sell,1,20,26,0,50,1.0,0.34210526315789475,0.5098039215686275
3hop_comp_84,0.0,sell,2,20,31,0,45,1.0,0.40789473684210525,0.5794392523364486
3hop_comp_84,0.0,sell,3,20,36,0,40,1.0,0.47368421052631576,0.6428571428571429
3hop_comp_84,0.0,sell,1,200,26,0,50,1.0,0.34210526315789475,0.5098039215686275
3hop_comp_84,0.0,sell,2,200,31,0,45,1.0,0.40789473684210525,0.5794392523364486
3hop_comp_84,0.0,sell,3,200,36,0,40,1.0,0.47368421052631576,0.6428571428571429
3hop_comp_85,0.0,classic_lp,0,0,69,0,0,1.0,1.0,1.0
3hop_comp_85,0.0,sell,1,20,23,0,46,1.0,0.3333333333333333,0.5
3hop_comp_85,0.0,sell,2,20,28,0,41,1.0,0.4057971014492754,0.577319587628866
3hop_comp_85,0.0,sell,3,20,28,0,41,1.0,0.4057971014492754,0.577319587628866
3hop_comp_85,0.0,sell,1,200,23,0,46,1.0,0.3333333333333333,0.5
3hop_comp_85,0.0,sell,2,200,28,0,41,1.0,0.4057971014492754,0.577319587628866
3hop_comp_85,0.0,sell,3,200,28,0,41,1.0,0.4057971014492754,0.577319587628866
3hop_comp_86,0.0,classic_lp,0,0,77,0,0,1.0,1.0,1.0
3hop_comp_86,0.0,sell,1,20,27,0,50,1.0,0.35064935064935066,0.5192307692307693
3hop_comp_86,0.0,sell,2,20,38,0,39,1.0,0.4935064935064935,0.6608695652173914
3hop_comp_86,0.0,sell,3,20,38,0,39,1.0,0.4935064935064935,0.6608695652173914
3hop_comp_86,0.0,sell,1,200,27,0,50,1.0,0.35064935064935066,0.5192307692307693
3hop_comp_86,0.0,sell,2,200,38,0,39,1.0,0.4935064935064935,0.6608695652173914
3hop_comp_86,0.0,sell,3,200,38,0,39,1.0,0.4935064935064935,0.6608695652173914
3hop_comp_87,0.0,classic_lp,0,0,79,0,0,1.0,1.0,1.0
3hop_comp_87,0.0,sell,1,20,39,0,40,1.0,0.4936708860759494,0.6610169491525424
3hop_comp_87,0.0,sell,2,20,47,0,32,1.0,0.5949367088607594,0.7460317460317459
3hop_comp_87,0.0,sell,3,20,45,0,34,1.0,0.569620253164557,0.7258064516129034
3hop_comp_87,0.0,sell,1,200,39,0,40,1.0,0.4936708860759494,0.6610169491525424
3hop_comp_87,0.0,sell,2,200,47,0,32,1.0,0.5949367088607594,0.7460317460317459
3hop_comp_87,0.0,sell,3,200,49,0,30,1.0,0.620253164556962,0.765625
3hop_comp_94,0.0,classic_lp,0,0,56,0,0,1.0,1.0,1.0
3hop_comp_94,0.0,sell,1,20,15,0,41,1.0,0.26785714285714285,0.4225352112676056
3hop_comp_94,0.0,sell,2,20,21,0,35,1.0,0.375,0.5454545454545454
3hop_comp_94,0.0,sell,3,20,27,0,29,1.0,0.48214285714285715,0.6506024096385542
3hop_comp_94,0.0,sell,1,200,15,0,41,1.0,0.26785714285714285,0.4225352112676056
3hop_comp_94,0.0,sell,2,200,21,0,35,1.0,0.375,0.5454545454545454
3hop_comp_94,0.0,sell,3,200,27,0,29,1.0,0.48214285714285715,0.6506024096385542
3hop_comp_96,0.0,classic_lp,0,0,69,0,0,1.0,1.0,1.0
3hop_comp_96,0.0,sell,1,20,26,0,43,1.0,0.37681159420289856,0.5473684210526316
3hop_comp_96,0.0,sell,2,20,38,0,31,1.0,0.5507246376811594,0.7102803738317757
3hop_comp_96,0.0,sell,3,20,38,0,31,1.0,0.5507246376811594,0.7102803738317757
3hop_comp_96,0.0,sell,1,200,26,0,43,1.0,0.37681159420289856,0.5473684210526316
3hop_comp_96,0.0,sell,2,200,38,0,31,1.0,0.5507246376811594,0.7102803738317757
3hop_comp_96,0.0,sell,3,200,38,0,31,1.0,0.5507246376811594,0.7102803738317757
3hop_comp_100,0.0,classic_lp,0,0,52,0,0,1.0,1.0,1.0
3hop_comp_100,0.0,sell,1,20,16,0,36,1.0,0.3076923076923077,0.47058823529411764
3hop_comp_100,0.0,sell,2,20,21,0,31,1.0,0.40384615384615385,0.5753424657534247
3hop_comp_100,0.0,sell,3,20,21,0,31,1.0,0.40384615384615385,0.5753424657534247
3hop_comp_100,0.0,sell,1,200,16,0,36,1.0,0.3076923076923077,0.47058823529411764
3hop_comp_100,0.0,sell,2,200,21,0,31,1.0,0.40384615384615385,0.5753424657534247
3hop_comp_100,0.0,sell,3,200,21,0,31,1.0,0.40384615384615385,0.5753424657534247
3hop_comp_103,0.0,classic_lp,0,0,51,0,0,1.0,1.0,1.0
3hop_comp_103,0.0,sell,1,20,15,0,36,1.0,0.29411764705882354,0.45454545454545453
3hop_comp_103,0.0,sell,2,20,22,0,29,1.0,0.43137254901960786,0.6027397260273972
3hop_comp_103,0.0,sell,3,20,22,0,29,1.0,0.43137254901960786,0.6027397260273972
3hop_comp_103,0.0,sell,1,200,15,0,36,1.0,0.29411764705882354,0.45454545454545453
3hop_comp_103,0.0,sell,2,200,22,0,29,1.0,0.43137254901960786,0.6027397260273972
3hop_comp_103,0.0,sell,3,200,22,0,29,1.0,0.43137254901960786,0.6027397260273972
3hop_comp_105,0.0,classic_lp,0,0,75,0,0,1.0,1.0,1.0
3hop_comp_105,0.0,sell,1,20,25,0,50,1.0,0.3333333333333333,0.5
3hop_comp_105,0.0,sell,2,20,33,0,42,1.0,0.44,0.6111111111111112
3hop_comp_105,0.0,sell,3,20,42,0,33,1.0,0.56,0.717948717948718
3hop_comp_105,0.0,sell,1,200,25,0,50,1.0,0.3333333333333333,0.5
3hop_comp_105,0.0,sell,2,200,33,0,42,1.0,0.44,0.6111111111111112
3hop_comp_105,0.0,sell,3,200,42,0,33,1.0,0.56,0.717948717948718
3hop_comp_108,0.0,classic_lp,0,0,76,0,0,1.0,1.0,1.0
3hop_comp_108,0.0,sell,1,20,27,0,49,1.0,0.35526315789473684,0.5242718446601942
3hop_comp_108,0.0,sell,2,20,39,0,37,1.0,0.5131578947368421,0.6782608695652175
3hop_comp_108,0.0,sell,3,20,39,0,37,1.0,0.5131578947368421,0.6782608695652175
3hop_comp_108,0.0,sell,1,200,27,0,49,1.0,0.35526315789473684,0.5242718446601942
3hop_comp_108,0.0,sell,2,200,39,0,37,1.0,0.5131578947368421,0.6782608695652175
3hop_comp_108,0.0,sell,3,200,39,0,37,1.0,0.5131578947368421,0.6782608695652175
3hop_comp_109,0.0,classic_lp,0,0,78,0,0,1.0,1.0,1.0
3hop_comp_109,0.0,sell,1,20,31,0,47,1.0,0.3974358974358974,0.5688073394495413
3hop_comp_109,0.0,sell,2,20,44,0,34,1.0,0.5641025641025641,0.7213114754098361
3hop_comp_109,0.0,sell,3,20,47,0,31,1.0,0.6025641025641025,0.7519999999999999
3hop_comp_109,0.0,sell,1,200,31,0,47,1.0,0.3974358974358974,0.5688073394495413
3hop_comp_109,0.0,sell,2,200,44,0,34,1.0,0.5641025641025641,0.7213114754098361
3hop_comp_109,0.0,sell,3,200,47,0,31,1.0,0.6025641025641025,0.7519999999999999
3hop_comp_110,0.0,classic_lp,0,0,55,0,0,1.0,1.0,1.0
3hop_comp_110,0.0,sell,1,20,17,0,38,1.0,0.3090909090909091,0.4722222222222222
3hop_comp_110,0.0,sell,2,20,22,0,33,1.0,0.4,0.5714285714285715
3hop_comp_110,0.0,sell,3,20,22,0,33,1.0,0.4,0.5714285714285715
3hop_comp_110,0.0,sell,1,200,17,0,38,1.0,0.3090909090909091,0.4722222222222222
3hop_comp_110,0.0,sell,2,200,22,0,33,1.0,0.4,0.5714285714285715
3hop_comp_110,0.0,sell,3,200,22,0,33,1.0,0.4,0.5714285714285715
3hop_comp_112,0.0,classic_lp,0,0,37,0,0,1.0,1.0,1.0
3hop_comp_112,0.0,sell,1,20,18,0,19,1.0,0.4864864864864865,0.6545454545454547
3hop_comp_112,0.0,sell,2,20,18,0,19,1.0,0.4864864864864865,0.6545454545454547
3hop_comp_112,0.0,sell,3,20,18,0,19,1.0,0.4864864864864865,0.6545454545454547
3hop_comp_112,0.0,sell,1,200,18,0,19,1.0,0.4864864864864865,0.6545454545454547
3hop_comp_112,0.0,sell,2,200,18,0,19,1.0,0.4864864864864865,0.6545454545454547
3hop_comp_112,0.0,sell,3,200,18,0,19,1.0,0.4864864864864865,0.6545454545454547
3hop_comp_115,0.0,classic_lp,0,0,69,0,0,1.0,1.0,1.0
3hop_comp_115,0.0,sell,1,20,24,0,45,1.0,0.34782608695652173,0.5161290322580645
3hop_comp_115,0.0,sell,2,20,29,0,40,1.0,0.42028985507246375,0.5918367346938774
3hop_comp_115,0.0,sell,3,20,29,0,40,1.0,0.42028985507246375,0.5918367346938774
3hop_comp_115,0.0,sell,1,200,24,0,45,1.0,0.34782608695652173,0.5161290322580645
3hop_comp_115,0.0,sell,2,200,29,0,40,1.0,0.42028985507246375,0.5918367346938774
3hop_comp_115,0.0,sell,3,200,29,0,40,1.0,0.42028985507246375,0.5918367346938774
3hop_comp_116,0.0,classic_lp,0,0,64,0,0,1.0,1.0,1.0
3hop_comp_116,0.0,sell,1,20,27,0,37,1.0,0.421875,0.5934065934065934
3hop_comp_116,0.0,sell,2,20,32,0,32,1.0,0.5,0.6666666666666666
3hop_comp_116,0.0,sell,3,20,32,0,32,1.0,0.5,0.6666666666666666
3hop_comp_116,0.0,sell,1,200,27,0,37,1.0,0.421875,0.5934065934065934
3hop_comp_116,0.0,sell,2,200,32,0,32,1.0,0.5,0.6666666666666666
3hop_comp_116,0.0,sell,3,200,32,0,32,1.0,0.5,0.6666666666666666
3hop_comp_120,0.0,classic_lp,0,0,80,0,0,1.0,1.0,1.0
3hop_comp_120,0.0,sell,1,20,26,0,54,1.0,0.325,0.4905660377358491
3hop_comp_120,0.0,sell,2,20,36,0,44,1.0,0.45,0.6206896551724138
3hop_comp_120,0.0,sell,3,20,44,0,36,1.0,0.55,0.7096774193548387
3hop_comp_120,0.0,sell,1,200,26,0,54,1.0,0.325,0.4905660377358491
3hop_comp_120,0.0,sell,2,200,36,0,44,1.0,0.45,0.6206896551724138
3hop_comp_120,0.0,sell,3,200,44,0,36,1.0,0.55,0.7096774193548387
3hop_comp_121,0.0,classic_lp,0,0,75,0,0,1.0,1.0,1.0
3hop_comp_121,0.0,sell,1,20,16,0,59,1.0,0.21333333333333335,0.3516483516483517
3hop_comp_121,0.0,sell,2,20,30,0,45,1.0,0.4,0.5714285714285715
3hop_comp_121,0.0,sell,3,20,35,0,40,1.0,0.4666666666666667,0.6363636363636364
3hop_comp_121,0.0,sell,1,200,16,0,59,1.0,0.21333333333333335,0.3516483516483517
3hop_comp_121,0.0,sell,2,200,30,0,45,1.0,0.4,0.5714285714285715
3hop_comp_121,0.0,sell,3,200,35,0,40,1.0,0.4666666666666667,0.6363636363636364
3hop_comp_122,0.0,classic_lp,0,0,78,0,0,1.0,1.0,1.0
3hop_comp_122,0.0,sell,1,20,26,0,52,1.0,0.3333333333333333,0.5
3hop_comp_122,0.0,sell,2,20,36,0,42,1.0,0.46153846153846156,0.631578947368421
3hop_comp_122,0.0,sell,3,20,37,0,41,1.0,0.47435897435897434,0.6434782608695652
3hop_comp_122,0.0,sell,1,200,26,0,52,1.0,0.3333333333333333,0.5
3hop_comp_122,0.0,sell,2,200,36,0,42,1.0,0.46153846153846156,0.631578947368421
3hop_comp_122,0.0,sell,3,200,37,0,41,1.0,0.47435897435897434,0.6434782608695652
3hop_comp_123,0.0,classic_lp,0,0,48,0,0,1.0,1.0,1.0
3hop_comp_123,0.0,sell,1,20,15,0,33,1.0,0.3125,0.47619047619047616
3hop_comp_123,0.0,sell,2,20,20,0,28,1.0,0.4166666666666667,0.5882352941176471
3hop_comp_123,0.0,sell,3,20,20,0,28,1.0,0.4166666666666667,0.5882352941176471
3hop_comp_123,0.0,sell,1,200,15,0,33,1.0,0.3125,0.47619047619047616
3hop_comp_123,0.0,sell,2,200,20,0,28,1.0,0.4166666666666667,0.5882352941176471
3hop_comp_123,0.0,sell,3,200,20,0,28,1.0,0.4166666666666667,0.5882352941176471
3hop_comp_130,0.0,classic_lp,0,0,70,0,0,1.0,1.0,1.0
3hop_comp_130,0.0,sell,1,20,18,0,52,1.0,0.2571428571428571,0.40909090909090906
3hop_comp_130,0.0,sell,2,20,25,0,45,1.0,0.35714285714285715,0.5263157894736842
3hop_comp_130,0.0,sell,3,20,29,0,41,1.0,0.4142857142857143,0.5858585858585859
3hop_comp_130,0.0,sell,1,200,18,0,52,1.0,0.2571428571428571,0.40909090909090906
3hop_comp_130,0.0,sell,2,200,25,0,45,1.0,0.35714285714285715,0.5263157894736842
3hop_comp_130,0.0,sell,3,200,29,0,41,1.0,0.4142857142857143,0.5858585858585859
3hop_comp_132,0.0,classic_lp,0,0,73,0,0,1.0,1.0,1.0
3hop_comp_132,0.0,sell,1,20,24,0,49,1.0,0.3287671232876712,0.49484536082474223
3hop_comp_132,0.0,sell,2,20,37,0,36,1.0,0.5068493150684932,0.6727272727272727
3hop_comp_132,0.0,sell,3,20,37,0,36,1.0,0.5068493150684932,0.6727272727272727
3hop_comp_132,0.0,sell,1,200,24,0,49,1.0,0.3287671232876712,0.49484536082474223
3hop_comp_132,0.0,sell,2,200,37,0,36,1.0,0.5068493150684932,0.6727272727272727
3hop_comp_132,0.0,sell,3,200,37,0,36,1.0,0.5068493150684932,0.6727272727272727
3hop_comp_137,0.0,classic_lp,0,0,80,0,0,1.0,1.0,1.0
3hop_comp_137,0.0,sell,1,20,29,0,51,1.0,0.3625,0.5321100917431192
3hop_comp_137,0.0,sell,2,20,37,0,43,1.0,0.4625,0.6324786324786326
3hop_comp_137,0.0,sell,3,20,40,0,40,1.0,0.5,0.6666666666666666
3hop_comp_137,0.0,sell,1,200,29,0,51,1.0,0.3625,0.5321100917431192
3hop_comp_137,0.0,sell,2,200,37,0,43,1.0,0.4625,0.6324786324786326
3hop_comp_137,0.0,sell,3,200,40,0,40,1.0,0.5,0.6666666666666666
3hop_comp_142,0.0,classic_lp,0,0,79,0,0,1.0,1.0,1.0
3hop_comp_142,0.0,sell,1,20,31,0,48,1.0,0.3924050632911392,0.5636363636363637
3hop_comp_142,0.0,sell,2,20,42,0,37,1.0,0.5316455696202531,0.6942148760330578
3hop_comp_142,0.0,sell,3,20,45,0,34,1.0,0.569620253164557,0.7258064516129034
3hop_comp_142,0.0,sell,1,200,31,0,48,1.0,0.3924050632911392,0.5636363636363637
3hop_comp_142,0.0,sell,2,200,42,0,37,1.0,0.5316455696202531,0.6942148760330578
3hop_comp_142,0.0,sell,3,200,45,0,34,1.0,0.569620253164557,0.7258064516129034
3hop_comp_0,0.1,classic_lp,0,0,66,0,7,1.0,0.9041095890410958,0.949640287769784
3hop_comp_0,0.1,sell,1,20,22,0,51,1.0,0.3013698630136986,0.4631578947368421
3hop_comp_0,0.1,sell,2,20,34,0,39,1.0,0.4657534246575342,0.6355140186915887
3hop_comp_0,0.1,sell,3,20,38,0,35,1.0,0.5205479452054794,0.6846846846846847
3hop_comp_0,0.1,sell,1,200,22,0,51,1.0,0.3013698630136986,0.4631578947368421
3hop_comp_0,0.1,sell,2,200,34,0,39,1.0,0.4657534246575342,0.6355140186915887
3hop_comp_0,0.1,sell,3,200,38,0,35,1.0,0.5205479452054794,0.6846846846846847
3hop_comp_3,0.1,classic_lp,0,0,75,0,0,1.0,1.0,1.0
3hop_comp_3,0.1,sell,1,20,25,0,50,1.0,0.3333333333333333,0.5
3hop_comp_3,0.1,sell,2,20,36,0,39,1.0,0.48,0.6486486486486487
3hop_comp_3,0.1,sell,3,20,36,0,39,1.0,0.48,0.6486486486486487
3hop_comp_3,0.1,sell,1,200,25,0,50,1.0,0.3333333333333333,0.5
3hop_comp_3,0.1,sell,2,200,36,0,39,1.0,0.48,0.6486486486486487
3hop_comp_3,0.1,sell,3,200,36,0,39,1.0,0.48,0.6486486486486487
3hop_comp_9,0.1,classic_lp,0,0,60,0,0,1.0,1.0,1.0
3hop_comp_9,0.1,sell,1,20,17,0,43,1.0,0.2833333333333333,0.4415584415584416
3hop_comp_9,0.1,sell,2,20,25,0,35,1.0,0.4166666666666667,0.5882352941176471
3hop_comp_9,0.1,sell,3,20,25,0,35,1.0,0.4166666666666667,0.5882352941176471
3hop_comp_9,0.1,sell,1,200,17,0,43,1.0,0.2833333333333333,0.4415584415584416
3hop_comp_9,0.1,sell,2,200,25,0,35,1.0,0.4166666666666667,0.5882352941176471
3hop_comp_9,0.1,sell,3,200,25,0,35,1.0,0.4166666666666667,0.5882352941176471
3hop_comp_10,0.1,classic_lp,0,0,76,0,0,1.0,1.0,1.0
3hop_comp_10,0.1,sell,1,20,24,0,52,1.0,0.3157894736842105,0.4799999999999999
3hop_comp_10,0.1,sell,2,20,38,0,38,1.0,0.5,0.6666666666666666
3hop_comp_10,0.1,sell,3,20,41,0,35,1.0,0.5394736842105263,0.7008547008547009
3hop_comp_10,0.1,sell,1,200,24,0,52,1.0,0.3157894736842105,0.4799999999999999
3hop_comp_10,0.1,sell,2,200,38,0,38,1.0,0.5,0.6666666666666666
3hop_comp_10,0.1,sell,3,200,41,0,35,1.0,0.5394736842105263,0.7008547008547009
3hop_comp_13,0.1,classic_lp,0,0,74,0,0,1.0,1.0,1.0
3hop_comp_13,0.1,sell,1,20,22,0,52,1.0,0.2972972972972973,0.4583333333333333
3hop_comp_13,0.1,sell,2,20,32,0,42,1.0,0.43243243243243246,0.6037735849056604
3hop_comp_13,0.1,sell,3,20,38,0,36,1.0,0.5135135135135135,0.6785714285714285
3hop_comp_13,0.1,sell,1,200,22,0,52,1.0,0.2972972972972973,0.4583333333333333
3hop_comp_13,0.1,sell,2,200,32,0,42,1.0,0.43243243243243246,0.6037735849056604
3hop_comp_13,0.1,sell,3,200,38,0,36,1.0,0.5135135135135135,0.6785714285714285
3hop_comp_15,0.1,classic_lp,0,0,64,0,0,1.0,1.0,1.0
3hop_comp_15,0.1,sell,1,20,15,0,49,1.0,0.234375,0.379746835443038
3hop_comp_15,0.1,sell,2,20,21,0,43,1.0,0.328125,0.49411764705882355
3hop_comp_15,0.1,sell,3,20,21,0,43,1.0,0.328125,0.49411764705882355
3hop_comp_15,0.1,sell,1,200,15,0,49,1.0,0.234375,0.379746835443038
3hop_comp_15,0.1,sell,2,200,21,0,43,1.0,0.328125,0.49411764705882355
3hop_comp_15,0.1,sell,3,200,21,0,43,1.0,0.328125,0.49411764705882355
3hop_comp_21,0.1,classic_lp,0,0,79,0,0,1.0,1.0,1.0
3hop_comp_21,0.1,sell,1,20,34,0,45,1.0,0.43037974683544306,0.6017699115044248
3hop_comp_21,0.1,sell,2,20,43,0,36,1.0,0.5443037974683544,0.7049180327868853
3hop_comp_21,0.1,sell,3,20,47,0,32,1.0,0.5949367088607594,0.7460317460317459
3hop_comp_21,0.1,sell,1,200,34,0,45,1.0,0.43037974683544306,0.6017699115044248
3hop_comp_21,0.1,sell,2,200,43,0,36,1.0,0.5443037974683544,0.7049180327868853
3hop_comp_21,0.1,sell,3,200,47,0,32,1.0,0.5949367088607594,0.7460317460317459
3hop_comp_26,0.1,classic_lp,0,0,80,0,0,1.0,1.0,1.0
3hop_comp_26,0.1,sell,1,20,35,0,45,1.0,0.4375,0.6086956521739131
3hop_comp_26,0.1,sell,2,20,42,0,38,1.0,0.525,0.6885245901639345
3hop_comp_26,0.1,sell,3,20,44,0,36,1.0,0.55,0.7096774193548387
3hop_comp_26,0.1,sell,1,200,35,0,45,1.0,0.4375,0.6086956521739131
3hop_comp_26,0.1,sell,2,200,42,0,38,1.0,0.525,0.6885245901639345
3hop_comp_26,0.1,sell,3,200,44,0,36,1.0,0.55,0.7096774193548387
3hop_comp_29,0.1,classic_lp,0,0,78,0,0,1.0,1.0,1.0
3hop_comp_29,0.1,sell,1,20,30,0,48,1.0,0.38461538461538464,0.5555555555555556
3hop_comp_29,0.1,sell,2,20,40,0,38,1.0,0.5128205128205128,0.6779661016949152
3hop_comp_29,0.1,sell,3,20,43,0,35,1.0,0.5512820512820513,0.7107438016528926
3hop_comp_29,0.1,sell,1,200,30,0,48,1.0,0.38461538461538464,0.5555555555555556
3hop_comp_29,0.1,sell,2,200,40,0,38,1.0,0.5128205128205128,0.6779661016949152
3hop_comp_29,0.1,sell,3,200,43,0,35,1.0,0.5512820512820513,0.7107438016528926
3hop_comp_32,0.1,classic_lp,0,0,76,4,4,0.95,0.95,0.9500000000000001
3hop_comp_32,0.1,sell,1,20,29,0,51,1.0,0.3625,0.5321100917431192
3hop_comp_32,0.1,sell,2,20,48,1,32,0.9795918367346939,0.6,0.7441860465116279
3hop_comp_32,0.1,sell,3,20,51,1,29,0.9807692307692307,0.6375,0.7727272727272727
3hop_comp_32,0.1,sell,1,200,29,0,51,1.0,0.3625,0.5321100917431192
3hop_comp_32,0.1,sell,2,200,48,1,32,0.9795918367346939,0.6,0.7441860465116279
3hop_comp_32,0.1,sell,3,200,51,1,29,0.9807692307692307,0.6375,0.7727272727272727
3hop_comp_35,0.1,classic_lp,0,0,67,5,10,0.9305555555555556,0.8701298701298701,0.8993288590604027
3hop_comp_35,0.1,sell,1,20,22,1,55,0.9565217391304348,0.2857142857142857,0.44
3hop_comp_35,0.1,sell,2,20,31,2,46,0.9393939393939394,0.4025974025974026,0.5636363636363637
3hop_comp_35,0.1,sell,3,20,31,2,46,0.9393939393939394,0.4025974025974026,0.5636363636363637
3hop_comp_35,0.1,sell,1,200,22,1,55,0.9565217391304348,0.2857142857142857,0.44
3hop_comp_35,0.1,sell,2,200,31,2,46,0.9393939393939394,0.4025974025974026,0.5636363636363637
3hop_comp_35,0.1,sell,3,200,31,2,46,0.9393939393939394,0.4025974025974026,0.5636363636363637
3hop_comp_36,0.1,classic_lp,0,0,71,0,0,1.0,1.0,1.0
3hop_comp_36,0.1,sell,1,20,17,0,54,1.0,0.23943661971830985,0.38636363636363635
3hop_comp_36,0.1,sell,2,20,30,0,41,1.0,0.4225352112676056,0.5940594059405941
3hop_comp_36,0.1,sell,3,20,35,0,36,1.0,0.49295774647887325,0.660377358490566
3hop_comp_36,0.1,sell,1,200,17,0,54,1.0,0.23943661971830985,0.38636363636363635
3hop_comp_36,0.1,sell,2,200,30,0,41,1.0,0.4225352112676056,0.5940594059405941
3hop_comp_36,0.1,sell,3,200,35,0,36,1.0,0.49295774647887325,0.660377358490566
3hop_comp_43,0.1,classic_lp,0,0,53,0,0,1.0,1.0,1.0
3hop_comp_43,0.1,sell,1,20,15,0,38,1.0,0.2830188679245283,0.4411764705882353
3hop_comp_43,0.1,sell,2,20,21,0,32,1.0,0.39622641509433965,0.5675675675675675
3hop_comp_43,0.1,sell,3,20,21,0,32,1.0,0.39622641509433965,0.5675675675675675
3hop_comp_43,0.1,sell,1,200,15,0,38,1.0,0.2830188679245283,0.4411764705882353
3hop_comp_43,0.1,sell,2,200,21,0,32,1.0,0.39622641509433965,0.5675675675675675
3hop_comp_43,0.1,sell,3,200,21,0,32,1.0,0.39622641509433965,0.5675675675675675
3hop_comp_46,0.1,classic_lp,0,0,61,16,4,0.7922077922077922,0.9384615384615385,0.8591549295774646
3hop_comp_46,0.1,sell,1,20,20,6,45,0.7692307692307693,0.3076923076923077,0.4395604395604395
3hop_comp_46,0.1,sell,2,20,29,7,36,0.8055555555555556,0.4461538461538462,0.5742574257425743
3hop_comp_46,0.1,sell,3,20,29,7,36,0.8055555555555556,0.4461538461538462,0.5742574257425743
3hop_comp_46,0.1,sell,1,200,20,6,45,0.7692307692307693,0.3076923076923077,0.4395604395604395
3hop_comp_46,0.1,sell,2,200,29,7,36,0.8055555555555556,0.4461538461538462,0.5742574257425743
3hop_comp_46,0.1,sell,3,200,29,7,36,0.8055555555555556,0.4461538461538462,0.5742574257425743
3hop_comp_53,0.1,classic_lp,0,0,75,0,0,1.0,1.0,1.0
3hop_comp_53,0.1,sell,1,20,25,0,50,1.0,0.3333333333333333,0.5
3hop_comp_53,0.1,sell,2,20,37,0,38,1.0,0.49333333333333335,0.6607142857142857
3hop_comp_53,0.1,sell,3,20,39,0,36,1.0,0.52,0.6842105263157895
3hop_comp_53,0.1,sell,1,200,25,0,50,1.0,0.3333333333333333,0.5
3hop_comp_53,0.1,sell,2,200,37,0,38,1.0,0.49333333333333335,0.6607142857142857
3hop_comp_53,0.1,sell,3,200,39,0,36,1.0,0.52,0.6842105263157895
3hop_comp_59,0.1,classic_lp,0,0,66,0,0,1.0,1.0,1.0
3hop_comp_59,0.1,sell,1,20,15,0,51,1.0,0.22727272727272727,0.37037037037037035
3hop_comp_59,0.1,sell,2,20,22,0,44,1.0,0.3333333333333333,0.5
3hop_comp_59,0.1,sell,3,20,28,0,38,1.0,0.42424242424242425,0.5957446808510638
3hop_comp_59,0.1,sell,1,200,15,0,51,1.0,0.22727272727272727,0.37037037037037035
3hop_comp_59,0.1,sell,2,200,22,0,44,1.0,0.3333333333333333,0.5
3hop_comp_59,0.1,sell,3,200,28,0,38,1.0,0.42424242424242425,0.5957446808510638
3hop_comp_60,0.1,classic_lp,0,0,64,0,0,1.0,1.0,1.0
3hop_comp_60,0.1,sell,1,20,30,0,34,1.0,0.46875,0.6382978723404256
3hop_comp_60,0.1,sell,2,20,36,0,28,1.0,0.5625,0.72
3hop_comp_60,0.1,sell,3,20,43,0,21,1.0,0.671875,0.8037383177570093
3hop_comp_60,0.1,sell,1,200,30,0,34,1.0,0.46875,0.6382978723404256
3hop_comp_60,0.1,sell,2,200,36,0,28,1.0,0.5625,0.72
3hop_comp_60,0.1,sell,3,200,43,0,21,1.0,0.671875,0.8037383177570093
3hop_comp_64,0.1,classic_lp,0,0,61,0,0,1.0,1.0,1.0
3hop_comp_64,0.1,sell,1,20,22,0,39,1.0,0.36065573770491804,0.5301204819277109
3hop_comp_64,0.1,sell,2,20,28,0,33,1.0,0.45901639344262296,0.6292134831460674
3hop_comp_64,0.1,sell,3,20,28,0,33,1.0,0.45901639344262296,0.6292134831460674
3hop_comp_64,0.1,sell,1,200,22,0,39,1.0,0.36065573770491804,0.5301204819277109
3hop_comp_64,0.1,sell,2,200,28,0,33,1.0,0.45901639344262296,0.6292134831460674
3hop_comp_64,0.1,sell,3,200,28,0,33,1.0,0.45901639344262296,0.6292134831460674
3hop_comp_67,0.1,classic_lp,0,0,75,0,0,1.0,1.0,1.0
3hop_comp_67,0.1,sell,1,20,28,0,47,1.0,0.37333333333333335,0.5436893203883496
3hop_comp_67,0.1,sell,2,20,37,0,38,1.0,0.49333333333333335,0.6607142857142857
3hop_comp_67,0.1,sell,3,20,42,0,33,1.0,0.56,0.717948717948718
3hop_comp_67,0.1,sell,1,200,28,0,47,1.0,0.37333333333333335,0.5436893203883496
3hop_comp_67,0.1,sell,2,200,37,0,38,1.0,0.49333333333333335,0.6607142857142857
3hop_comp_67,0.1,sell,3,200,42,0,33,1.0,0.56,0.717948717948718
3hop_comp_72,0.1,classic_lp,0,0,74,0,0,1.0,1.0,1.0
3hop_comp_72,0.1,sell,1,20,28,0,46,1.0,0.3783783783783784,0.5490196078431372
3hop_comp_72,0.1,sell,2,20,41,0,33,1.0,0.5540540540540541,0.7130434782608697
3hop_comp_72,0.1,sell,3,20,43,0,31,1.0,0.581081081081081,0.735042735042735
3hop_comp_72,0.1,sell,1,200,28,0,46,1.0,0.3783783783783784,0.5490196078431372
3hop_comp_72,0.1,sell,2,200,41,0,33,1.0,0.5540540540540541,0.7130434782608697
3hop_comp_72,0.1,sell,3,200,43,0,31,1.0,0.581081081081081,0.735042735042735
3hop_comp_73,0.1,classic_lp,0,0,72,0,0,1.0,1.0,1.0
3hop_comp_73,0.1,sell,1,20,35,0,37,1.0,0.4861111111111111,0.6542056074766355
3hop_comp_73,0.1,sell,2,20,35,0,37,1.0,0.4861111111111111,0.6542056074766355
3hop_comp_73,0.1,sell,3,20,35,0,37,1.0,0.4861111111111111,0.6542056074766355
3hop_comp_73,0.1,sell,1,200,35,0,37,1.0,0.4861111111111111,0.6542056074766355
3hop_comp_73,0.1,sell,2,200,35,0,37,1.0,0.4861111111111111,0.6542056074766355
3hop_comp_73,0.1,sell,3,200,35,0,37,1.0,0.4861111111111111,0.6542056074766355
3hop_comp_75,0.1,classic_lp,0,0,66,16,5,0.8048780487804879,0.9295774647887324,0.8627450980392157
3hop_comp_75,0.1,sell,1,20,22,4,49,0.8461538461538461,0.30985915492957744,0.45360824742268047
3hop_comp_75,0.1,sell,2,20,28,6,43,0.8235294117647058,0.39436619718309857,0.5333333333333333
3hop_comp_75,0.1,sell,3,20,30,8,41,0.7894736842105263,0.4225352112676056,0.5504587155963302
3hop_comp_75,0.1,sell,1,200,22,4,49,0.8461538461538461,0.30985915492957744,0.45360824742268047
3hop_comp_75,0.1,sell,2,200,28,6,43,0.8235294117647058,0.39436619718309857,0.5333333333333333
3hop_comp_75,0.1,sell,3,200,30,8,41,0.7894736842105263,0.4225352112676056,0.5504587155963302
3hop_comp_77,0.1,classic_lp,0,0,78,0,0,1.0,1.0,1.0
3hop_comp_77,0.1,sell,1,20,24,0,54,1.0,0.3076923076923077,0.47058823529411764
3hop_comp_77,0.1,sell,2,20,35,0,43,1.0,0.44871794871794873,0.6194690265486726
3hop_comp_77,0.1,sell,3,20,35,0,43,1.0,0.44871794871794873,0.6194690265486726
3hop_comp_77,0.1,sell,1,200,24,0,54,1.0,0.3076923076923077,0.47058823529411764
3hop_comp_77,0.1,sell,2,200,35,0,43,1.0,0.44871794871794873,0.6194690265486726
3hop_comp_77,0.1,sell,3,200,35,0,43,1.0,0.44871794871794873,0.6194690265486726
3hop_comp_81,0.1,classic_lp,0,0,70,4,0,0.9459459459459459,1.0,0.9722222222222222
3hop_comp_81,0.1,sell,1,20,26,1,44,0.9629629629629629,0.37142857142857144,0.5360824742268041
3hop_comp_81,0.1,sell,2,20,35,1,35,0.9722222222222222,0.5,0.660377358490566
3hop_comp_81,0.1,sell,3,20,35,1,35,0.9722222222222222,0.5,0.660377358490566
3hop_comp_81,0.1,sell,1,200,26,1,44,0.9629629629629629,0.37142857142857144,0.5360824742268041
3hop_comp_81,0.1,sell,2,200,35,1,35,0.9722222222222222,0.5,0.660377358490566
3hop_comp_81,0.1,sell,3,200,35,1,35,0.9722222222222222,0.5,0.660377358490566
3hop_comp_84,0.1,classic_lp,0,0,76,0,0,1.0,1.0,1.0
3hop_comp_84,0.1,sell,1,20,26,0,50,1.0,0.34210526315789475,0.5098039215686275
3hop_comp_84,0.1,sell,2,20,31,0,45,1.0,0.40789473684210525,0.5794392523364486
3hop_comp_84,0.1,sell,3,20,36,0,40,1.0,0.47368421052631576,0.6428571428571429
3hop_comp_84,0.1,sell,1,200,26,0,50,1.0,0.34210526315789475,0.5098039215686275
3hop_comp_84,0.1,sell,2,200,31,0,45,1.0,0.40789473684210525,0.5794392523364486
3hop_comp_84,0.1,sell,3,200,36,0,40,1.0,0.47368421052631576,0.6428571428571429
3hop_comp_85,0.1,classic_lp,0,0,69,0,0,1.0,1.0,1.0
3hop_comp_85,0.1,sell,1,20,23,0,46,1.0,0.3333333333333333,0.5
3hop_comp_85,0.1,sell,2,20,28,0,41,1.0,0.4057971014492754,0.577319587628866
3hop_comp_85,0.1,sell,3,20,28,0,41,1.0,0.4057971014492754,0.577319587628866
3hop_comp_85,0.1,sell,1,200,23,0,46,1.0,0.3333333333333333,0.5
3hop_comp_85,0.1,sell,2,200,28,0,41,1.0,0.4057971014492754,0.577319587628866
3hop_comp_85,0.1,sell,3,200,28,0,41,1.0,0.4057971014492754,0.577319587628866
3hop_comp_86,0.1,classic_lp,0,0,77,0,0,1.0,1.0,1.0
3hop_comp_86,0.1,sell,1,20,27,0,50,1.0,0.35064935064935066,0.5192307692307693
3hop_comp_86,0.1,sell,2,20,38,0,39,1.0,0.4935064935064935,0.6608695652173914
3hop_comp_86,0.1,sell,3,20,38,0,39,1.0,0.4935064935064935,0.6608695652173914
3hop_comp_86,0.1,sell,1,200,27,0,50,1.0,0.35064935064935066,0.5192307692307693
3hop_comp_86,0.1,sell,2,200,38,0,39,1.0,0.4935064935064935,0.6608695652173914
3hop_comp_86,0.1,sell,3,200,38,0,39,1.0,0.4935064935064935,0.6608695652173914
3hop_comp_87,0.1,classic_lp,0,0,79,0,0,1.0,1.0,1.0
3hop_comp_87,0.1,sell,1,20,39,0,40,1.0,0.4936708860759494,0.6610169491525424
3hop_comp_87,0.1,sell,2,20,47,0,32,1.0,0.5949367088607594,0.7460317460317459
3hop_comp_87,0.1,sell,3,20,45,0,34,1.0,0.569620253164557,0.7258064516129034
3hop_comp_87,0.1,sell,1,200,39,0,40,1.0,0.4936708860759494,0.6610169491525424
3hop_comp_87,0.1,sell,2,200,47,0,32,1.0,0.5949367088607594,0.7460317460317459
3hop_comp_87,0.1,sell,3,200,49,0,30,1.0,0.620253164556962,0.765625
3hop_comp_94,0.1,classic_lp,0,0,35,6,21,0.8536585365853658,0.625,0.7216494845360826
3hop_comp_94,0.1,sell,1,20,11,3,45,0.7857142857142857,0.19642857142857142,0.3142857142857143
3hop_comp_94,0.1,sell,2,20,11,3,45,0.7857142857142857,0.19642857142857142,0.3142857142857143
3hop_comp_94,0.1,sell,3,20,11,3,45,0.7857142857142857,0.19642857142857142,0.3142857142857143
3hop_comp_94,0.1,sell,1,200,11,3,45,0.7857142857142857,0.19642857142857142,0.3142857142857143
3hop_comp_94,0.1,sell,2,200,11,3,45,0.7857142857142857,0.19642857142857142,0.3142857142857143
3hop_comp_94,0.1,sell,3,200,11,3,45,0.7857142857142857,0.19642857142857142,0.3142857142857143
3hop_comp_96,0.1,classic_lp,0,0,44,4,25,0.9166666666666666,0.6376811594202898,0.752136752136752
3hop_comp_96,0.1,sell,1,20,24,2,45,0.9230769230769231,0.34782608695652173,0.5052631578947369
3hop_comp_96,0.1,sell,2,20,29,2,40,0.9354838709677419,0.42028985507246375,0.58
3hop_comp_96,0.1,sell,3,20,29,2,40,0.9354838709677419,0.42028985507246375,0.58
3hop_comp_96,0.1,sell,1,200,24,2,45,0.9230769230769231,0.34782608695652173,0.5052631578947369
3hop_comp_96,0.1,sell,2,200,29,2,40,0.9354838709677419,0.42028985507246375,0.58
3hop_comp_96,0.1,sell,3,200,29,2,40,0.9354838709677419,0.42028985507246375,0.58
3hop_comp_100,0.1,classic_lp,0,0,52,0,0,1.0,1.0,1.0
3hop_comp_100,0.1,sell,1,20,16,0,36,1.0,0.3076923076923077,0.47058823529411764
3hop_comp_100,0.1,sell,2,20,21,0,31,1.0,0.40384615384615385,0.5753424657534247
3hop_comp_100,0.1,sell,3,20,21,0,31,1.0,0.40384615384615385,0.5753424657534247
3hop_comp_100,0.1,sell,1,200,16,0,36,1.0,0.3076923076923077,0.47058823529411764
3hop_comp_100,0.1,sell,2,200,21,0,31,1.0,0.40384615384615385,0.5753424657534247
3hop_comp_100,0.1,sell,3,200,21,0,31,1.0,0.40384615384615385,0.5753424657534247
3hop_comp_103,0.1,classic_lp,0,0,51,0,0,1.0,1.0,1.0
3hop_comp_103,0.1,sell,1,20,15,0,36,1.0,0.29411764705882354,0.45454545454545453
3hop_comp_103,0.1,sell,2,20,22,0,29,1.0,0.43137254901960786,0.6027397260273972
3hop_comp_103,0.1,sell,3,20,22,0,29,1.0,0.43137254901960786,0.6027397260273972
3hop_comp_103,0.1,sell,1,200,15,0,36,1.0,0.29411764705882354,0.45454545454545453
3hop_comp_103,0.1,sell,2,200,22,0,29,1.0,0.43137254901960786,0.6027397260273972
3hop_comp_103,0.1,sell,3,200,22,0,29,1.0,0.43137254901960786,0.6027397260273972
3hop_comp_105,0.1,classic_lp,0,0,75,0,0,1.0,1.0,1.0
3hop_comp_105,0.1,sell,1,20,25,0,50,1.0,0.3333333333333333,0.5
3hop_comp_105,0.1,sell,2,20,33,0,42,1.0,0.44,0.6111111111111112
3hop_comp_105,0.1,sell,3,20,42,0,33,1.0,0.56,0.717948717948718
3hop_comp_105,0.1,sell,1,200,25,0,50,1.0,0.3333333333333333,0.5
3hop_comp_105,0.1,sell,2,200,33,0,42,1.0,0.44,0.6111111111111112
3hop_comp_105,0.1,sell,3,200,42,0,33,1.0,0.56,0.717948717948718
3hop_comp_108,0.1,classic_lp,0,0,76,0,0,1.0,1.0,1.0
3hop_comp_108,0.1,sell,1,20,27,0,49,1.0,0.35526315789473684,0.5242718446601942
3hop_comp_108,0.1,sell,2,20,39,0,37,1.0,0.5131578947368421,0.6782608695652175
3hop_comp_108,0.1,sell,3,20,39,0,37,1.0,0.5131578947368421,0.6782608695652175
3hop_comp_108,0.1,sell,1,200,27,0,49,1.0,0.35526315789473684,0.5242718446601942
3hop_comp_108,0.1,sell,2,200,39,0,37,1.0,0.5131578947368421,0.6782608695652175
3hop_comp_108,0.1,sell,3,200,39,0,37,1.0,0.5131578947368421,0.6782608695652175
3hop_comp_109,0.1,classic_lp,0,0,78,0,0,1.0,1.0,1.0
3hop_comp_109,0.1,sell,1,20,31,0,47,1.0,0.3974358974358974,0.5688073394495413
3hop_comp_109,0.1,sell,2,20,44,0,34,1.0,0.5641025641025641,0.7213114754098361
3hop_comp_109,0.1,sell,3,20,47,0,31,1.0,0.6025641025641025,0.7519999999999999
3hop_comp_109,0.1,sell,1,200,31,0,47,1.0,0.3974358974358974,0.5688073394495413
3hop_comp_109,0.1,sell,2,200,44,0,34,1.0,0.5641025641025641,0.7213114754098361
3hop_comp_109,0.1,sell,3,200,47,0,31,1.0,0.6025641025641025,0.7519999999999999
3hop_comp_110,0.1,classic_lp,0,0,30,8,25,0.7894736842105263,0.5454545454545454,0.6451612903225806
3hop_comp_110,0.1,sell,1,20,13,4,42,0.7647058823529411,0.23636363636363636,0.3611111111111111
3hop_comp_110,0.1,sell,2,20,13,4,42,0.7647058823529411,0.23636363636363636,0.3611111111111111
3hop_comp_110,0.1,sell,3,20,13,4,42,0.7647058823529411,0.23636363636363636,0.3611111111111111
3hop_comp_110,0.1,sell,1,200,13,4,42,0.7647058823529411,0.23636363636363636,0.3611111111111111
3hop_comp_110,0.1,sell,2,200,13,4,42,0.7647058823529411,0.23636363636363636,0.3611111111111111
3hop_comp_110,0.1,sell,3,200,13,4,42,0.7647058823529411,0.23636363636363636,0.3611111111111111
3hop_comp_112,0.1,classic_lp,0,0,37,0,0,1.0,1.0,1.0
3hop_comp_112,0.1,sell,1,20,18,0,19,1.0,0.4864864864864865,0.6545454545454547
3hop_comp_112,0.1,sell,2,20,18,0,19,1.0,0.4864864864864865,0.6545454545454547
3hop_comp_112,0.1,sell,3,20,18,0,19,1.0,0.4864864864864865,0.6545454545454547
3hop_comp_112,0.1,sell,1,200,18,0,19,1.0,0.4864864864864865,0.6545454545454547
3hop_comp_112,0.1,sell,2,200,18,0,19,1.0,0.4864864864864865,0.6545454545454547
3hop_comp_112,0.1,sell,3,200,18,0,19,1.0,0.4864864864864865,0.6545454545454547
3hop_comp_115,0.1,classic_lp,0,0,66,8,3,0.8918918918918919,0.9565217391304348,0.9230769230769231
3hop_comp_115,0.1,sell,1,20,23,1,46,0.9583333333333334,0.3333333333333333,0.49462365591397844
3hop_comp_115,0.1,sell,2,20,30,2,39,0.9375,0.43478260869565216,0.594059405940594
3hop_comp_115,0.1,sell,3,20,33,2,36,0.9428571428571428,0.4782608695652174,0.6346153846153846
3hop_comp_115,0.1,sell,1,200,23,1,46,0.9583333333333334,0.3333333333333333,0.49462365591397844
3hop_comp_115,0.1,sell,2,200,30,2,39,0.9375,0.43478260869565216,0.594059405940594
3hop_comp_115,0.1,sell,3,200,33,2,36,0.9428571428571428,0.4782608695652174,0.6346153846153846
3hop_comp_116,0.1,classic_lp,0,0,64,0,0,1.0,1.0,1.0
3hop_comp_116,0.1,sell,1,20,27,0,37,1.0,0.421875,0.5934065934065934
3hop_comp_116,0.1,sell,2,20,32,0,32,1.0,0.5,0.6666666666666666
3hop_comp_116,0.1,sell,3,20,32,0,32,1.0,0.5,0.6666666666666666
3hop_comp_116,0.1,sell,1,200,27,0,37,1.0,0.421875,0.5934065934065934
3hop_comp_116,0.1,sell,2,200,32,0,32,1.0,0.5,0.6666666666666666
3hop_comp_116,0.1,sell,3,200,32,0,32,1.0,0.5,0.6666666666666666
3hop_comp_120,0.1,classic_lp,0,0,80,0,0,1.0,1.0,1.0
3hop_comp_120,0.1,sell,1,20,26,0,54,1.0,0.325,0.4905660377358491
3hop_comp_120,0.1,sell,2,20,36,0,44,1.0,0.45,0.6206896551724138
3hop_comp_120,0.1,sell,3,20,44,0,36,1.0,0.55,0.7096774193548387
3hop_comp_120,0.1,sell,1,200,26,0,54,1.0,0.325,0.4905660377358491
3hop_comp_120,0.1,sell,2,200,36,0,44,1.0,0.45,0.6206896551724138
3hop_comp_120,0.1,sell,3,200,44,0,36,1.0,0.55,0.7096774193548387
3hop_comp_121,0.1,classic_lp,0,0,65,8,10,0.8904109589041096,0.8666666666666667,0.8783783783783784
3hop_comp_121,0.1,sell,1,20,15,3,60,0.8333333333333334,0.2,0.3225806451612903
3hop_comp_121,0.1,sell,2,20,23,3,52,0.8846153846153846,0.30666666666666664,0.4554455445544554
3hop_comp_121,0.1,sell,3,20,27,3,48,0.9,0.36,0.5142857142857143
3hop_comp_121,0.1,sell,1,200,15,3,60,0.8333333333333334,0.2,0.3225806451612903
3hop_comp_121,0.1,sell,2,200,23,3,52,0.8846153846153846,0.30666666666666664,0.4554455445544554
3hop_comp_121,0.1,sell,3,200,27,3,48,0.9,0.36,0.5142857142857143
3hop_comp_122,0.1,classic_lp,0,0,78,0,0,1.0,1.0,1.0
3hop_comp_122,0.1,sell,1,20,26,0,52,1.0,0.3333333333333333,0.5
3hop_comp_122,0.1,sell,2,20,36,0,42,1.0,0.46153846153846156,0.631578947368421
3hop_comp_122,0.1,sell,3,20,37,0,41,1.0,0.47435897435897434,0.6434782608695652
3hop_comp_122,0.1,sell,1,200,26,0,52,1.0,0.3333333333333333,0.5
3hop_comp_122,0.1,sell,2,200,36,0,42,1.0,0.46153846153846156,0.631578947368421
3hop_comp_122,0.1,sell,3,200,37,0,41,1.0,0.47435897435897434,0.6434782608695652
3hop_comp_123,0.1,classic_lp,0,0,39,10,9,0.7959183673469388,0.8125,0.8041237113402061
3hop_comp_123,0.1,sell,1,20,15,1,33,0.9375,0.3125,0.46875
3hop_comp_123,0.1,sell,2,20,15,1,33,0.9375,0.3125,0.46875
3hop_comp_123,0.1,sell,3,20,15,1,33,0.9375,0.3125,0.46875
3hop_comp_123,0.1,sell,1,200,15,1,33,0.9375,0.3125,0.46875
3hop_comp_123,0.1,sell,2,200,15,1,33,0.9375,0.3125,0.46875
3hop_comp_123,0.1,sell,3,200,15,1,33,0.9375,0.3125,0.46875
3hop_comp_130,0.1,classic_lp,0,0,70,0,0,1.0,1.0,1.0
3hop_comp_130,0.1,sell,1,20,18,0,52,1.0,0.2571428571428571,0.40909090909090906
3hop_comp_130,0.1,sell,2,20,25,0,45,1.0,0.35714285714285715,0.5263157894736842
3hop_comp_130,0.1,sell,3,20,29,0,41,1.0,0.4142857142857143,0.5858585858585859
3hop_comp_130,0.1,sell,1,200,18,0,52,1.0,0.2571428571428571,0.40909090909090906
3hop_comp_130,0.1,sell,2,200,25,0,45,1.0,0.35714285714285715,0.5263157894736842
3hop_comp_130,0.1,sell,3,200,29,0,41,1.0,0.4142857142857143,0.5858585858585859
3hop_comp_132,0.1,classic_lp,0,0,73,0,0,1.0,1.0,1.0
3hop_comp_132,0.1,sell,1,20,24,0,49,1.0,0.3287671232876712,0.49484536082474223
3hop_comp_132,0.1,sell,2,20,37,0,36,1.0,0.5068493150684932,0.6727272727272727
3hop_comp_132,0.1,sell,3,20,37,0,36,1.0,0.5068493150684932,0.6727272727272727
3hop_comp_132,0.1,sell,1,200,24,0,49,1.0,0.3287671232876712,0.49484536082474223
3hop_comp_132,0.1,sell,2,200,37,0,36,1.0,0.5068493150684932,0.6727272727272727
3hop_comp_132,0.1,sell,3,200,37,0,36,1.0,0.5068493150684932,0.6727272727272727
3hop_comp_137,0.1,classic_lp,0,0,80,4,0,0.9523809523809523,1.0,0.975609756097561
3hop_comp_137,0.1,sell,1,20,26,0,54,1.0,0.325,0.4905660377358491
3hop_comp_137,0.1,sell,2,20,37,0,43,1.0,0.4625,0.6324786324786326
3hop_comp_137,0.1,sell,3,20,40,0,40,1.0,0.5,0.6666666666666666
3hop_comp_137,0.1,sell,1,200,26,0,54,1.0,0.325,0.4905660377358491
3hop_comp_137,0.1,sell,2,200,37,0,43,1.0,0.4625,0.6324786324786326
3hop_comp_137,0.1,sell,3,200,40,0,40,1.0,0.5,0.6666666666666666
3hop_comp_142,0.1,classic_lp,0,0,79,0,0,1.0,1.0,1.0
3hop_comp_142,0.1,sell,1,20,31,0,48,1.0,0.3924050632911392,0.5636363636363637
3hop_comp_142,0.1,sell,2,20,42,0,37,1.0,0.5316455696202531,0.6942148760330578
3hop_comp_142,0.1,sell,3,20,45,0,34,1.0,0.569620253164557,0.7258064516129034
3hop_comp_142,0.1,sell,1,200,31,0,48,1.0,0.3924050632911392,0.5636363636363637
3hop_comp_142,0.1,sell,2,200,42,0,37,1.0,0.5316455696202531,0.6942148760330578
3hop_comp_142,0.1,sell,3,200,45,0,34,1.0,0.569620253164557,0.7258064516129034
3hop_comp_0,0.2,classic_lp,0,0,66,0,7,1.0,0.9041095890410958,0.949640287769784
3hop_comp_0,0.2,sell,1,20,22,0,51,1.0,0.3013698630136986,0.4631578947368421
3hop_comp_0,0.2,sell,2,20,34,0,39,1.0,0.4657534246575342,0.6355140186915887
3hop_comp_0,0.2,sell,3,20,38,0,35,1.0,0.5205479452054794,0.6846846846846847
3hop_comp_0,0.2,sell,1,200,22,0,51,1.0,0.3013698630136986,0.4631578947368421
3hop_comp_0,0.2,sell,2,200,34,0,39,1.0,0.4657534246575342,0.6355140186915887
3hop_comp_0,0.2,sell,3,200,38,0,35,1.0,0.5205479452054794,0.6846846846846847
3hop_comp_3,0.2,classic_lp,0,0,75,0,0,1.0,1.0,1.0
3hop_comp_3,0.2,sell,1,20,25,0,50,1.0,0.3333333333333333,0.5
3hop_comp_3,0.2,sell,2,20,36,0,39,1.0,0.48,0.6486486486486487
3hop_comp_3,0.2,sell,3,20,36,0,39,1.0,0.48,0.6486486486486487
3hop_comp_3,0.2,sell,1,200,25,0,50,1.0,0.3333333333333333,0.5
3hop_comp_3,0.2,sell,2,200,36,0,39,1.0,0.48,0.6486486486486487
3hop_comp_3,0.2,sell,3,200,36,0,39,1.0,0.48,0.6486486486486487
3hop_comp_9,0.2,classic_lp,0,0,60,0,0,1.0,1.0,1.0
3hop_comp_9,0.2,sell,1,20,17,0,43,1.0,0.2833333333333333,0.4415584415584416
3hop_comp_9,0.2,sell,2,20,25,0,35,1.0,0.4166666666666667,0.5882352941176471
3hop_comp_9,0.2,sell,3,20,25,0,35,1.0,0.4166666666666667,0.5882352941176471
3hop_comp_9,0.2,sell,1,200,17,0,43,1.0,0.2833333333333333,0.4415584415584416
3hop_comp_9,0.2,sell,2,200,25,0,35,1.0,0.4166666666666667,0.5882352941176471
3hop_comp_9,0.2,sell,3,200,25,0,35,1.0,0.4166666666666667,0.5882352941176471
3hop_comp_10,0.2,classic_lp,0,0,76,0,0,1.0,1.0,1.0
3hop_comp_10,0.2,sell,1,20,24,0,52,1.0,0.3157894736842105,0.4799999999999999
3hop_comp_10,0.2,sell,2,20,38,0,38,1.0,0.5,0.6666666666666666
3hop_comp_10,0.2,sell,3,20,41,0,35,1.0,0.5394736842105263,0.7008547008547009
3hop_comp_10,0.2,sell,1,200,24,0,52,1.0,0.3157894736842105,0.4799999999999999
3hop_comp_10,0.2,sell,2,200,38,0,38,1.0,0.5,0.6666666666666666
3hop_comp_10,0.2,sell,3,200,41,0,35,1.0,0.5394736842105263,0.7008547008547009
3hop_comp_13,0.2,classic_lp,0,0,74,0,0,1.0,1.0,1.0
3hop_comp_13,0.2,sell,1,20,22,0,52,1.0,0.2972972972972973,0.4583333333333333
3hop_comp_13,0.2,sell,2,20,32,0,42,1.0,0.43243243243243246,0.6037735849056604
3hop_comp_13,0.2,sell,3,20,38,0,36,1.0,0.5135135135135135,0.6785714285714285
3hop_comp_13,0.2,sell,1,200,22,0,52,1.0,0.2972972972972973,0.4583333333333333
3hop_comp_13,0.2,sell,2,200,32,0,42,1.0,0.43243243243243246,0.6037735849056604
3hop_comp_13,0.2,sell,3,200,38,0,36,1.0,0.5135135135135135,0.6785714285714285
3hop_comp_15,0.2,classic_lp,0,0,54,8,10,0.8709677419354839,0.84375,0.8571428571428571
3hop_comp_15,0.2,sell,1,20,12,3,52,0.8,0.1875,0.3037974683544304
3hop_comp_15,0.2,sell,2,20,18,3,46,0.8571428571428571,0.28125,0.4235294117647058
3hop_comp_15,0.2,sell,3,20,18,3,46,0.8571428571428571,0.28125,0.4235294117647058
3hop_comp_15,0.2,sell,1,200,12,3,52,0.8,0.1875,0.3037974683544304
3hop_comp_15,0.2,sell,2,200,18,3,46,0.8571428571428571,0.28125,0.4235294117647058
3hop_comp_15,0.2,sell,3,200,18,3,46,0.8571428571428571,0.28125,0.4235294117647058
3hop_comp_21,0.2,classic_lp,0,0,79,0,0,1.0,1.0,1.0
3hop_comp_21,0.2,sell,1,20,36,0,43,1.0,0.45569620253164556,0.6260869565217391
3hop_comp_21,0.2,sell,2,20,49,0,30,1.0,0.620253164556962,0.765625
3hop_comp_21,0.2,sell,3,20,51,0,28,1.0,0.6455696202531646,0.7846153846153847
3hop_comp_21,0.2,sell,1,200,36,0,43,1.0,0.45569620253164556,0.6260869565217391
3hop_comp_21,0.2,sell,2,200,49,0,30,1.0,0.620253164556962,0.765625
3hop_comp_21,0.2,sell,3,200,51,0,28,1.0,0.6455696202531646,0.7846153846153847
3hop_comp_26,0.2,classic_lp,0,0,80,8,0,0.9090909090909091,1.0,0.9523809523809523
3hop_comp_26,0.2,sell,1,20,33,3,47,0.9166666666666666,0.4125,0.5689655172413793
3hop_comp_26,0.2,sell,2,20,42,5,38,0.8936170212765957,0.525,0.6614173228346456
3hop_comp_26,0.2,sell,3,20,46,5,34,0.9019607843137255,0.575,0.7022900763358777
3hop_comp_26,0.2,sell,1,200,33,3,47,0.9166666666666666,0.4125,0.5689655172413793
3hop_comp_26,0.2,sell,2,200,42,5,38,0.8936170212765957,0.525,0.6614173228346456
3hop_comp_26,0.2,sell,3,200,46,5,34,0.9019607843137255,0.575,0.7022900763358777
3hop_comp_29,0.2,classic_lp,0,0,72,11,6,0.8674698795180723,0.9230769230769231,0.8944099378881989
3hop_comp_29,0.2,sell,1,20,31,3,47,0.9117647058823529,0.3974358974358974,0.5535714285714286
3hop_comp_29,0.2,sell,2,20,39,4,39,0.9069767441860465,0.5,0.6446280991735538
3hop_comp_29,0.2,sell,3,20,44,5,34,0.8979591836734694,0.5641025641025641,0.6929133858267718
3hop_comp_29,0.2,sell,1,200,31,3,47,0.9117647058823529,0.3974358974358974,0.5535714285714286
3hop_comp_29,0.2,sell,2,200,39,4,39,0.9069767441860465,0.5,0.6446280991735538
3hop_comp_29,0.2,sell,3,200,44,5,34,0.8979591836734694,0.5641025641025641,0.6929133858267718
3hop_comp_32,0.2,classic_lp,0,0,73,8,7,0.9012345679012346,0.9125,0.9068322981366459
3hop_comp_32,0.2,sell,1,20,33,0,47,1.0,0.4125,0.5840707964601769
3hop_comp_32,0.2,sell,2,20,47,2,33,0.9591836734693877,0.5875,0.7286821705426357
3hop_comp_32,0.2,sell,3,20,49,2,31,0.9607843137254902,0.6125,0.7480916030534351
3hop_comp_32,0.2,sell,1,200,33,0,47,1.0,0.4125,0.5840707964601769
3hop_comp_32,0.2,sell,2,200,47,2,33,0.9591836734693877,0.5875,0.7286821705426357
3hop_comp_32,0.2,sell,3,200,49,2,31,0.9607843137254902,0.6125,0.7480916030534351
3hop_comp_35,0.2,classic_lp,0,0,77,0,0,1.0,1.0,1.0
3hop_comp_35,0.2,sell,1,20,23,0,54,1.0,0.2987012987012987,0.45999999999999996
3hop_comp_35,0.2,sell,2,20,34,0,43,1.0,0.44155844155844154,0.6126126126126126
3hop_comp_35,0.2,sell,3,20,35,0,42,1.0,0.45454545454545453,0.625
3hop_comp_35,0.2,sell,1,200,23,0,54,1.0,0.2987012987012987,0.45999999999999996
3hop_comp_35,0.2,sell,2,200,34,0,43,1.0,0.44155844155844154,0.6126126126126126
3hop_comp_35,0.2,sell,3,200,35,0,42,1.0,0.45454545454545453,0.625
3hop_comp_36,0.2,classic_lp,0,0,67,14,4,0.8271604938271605,0.9436619718309859,0.8815789473684211
3hop_comp_36,0.2,sell,1,20,15,2,56,0.8823529411764706,0.2112676056338028,0.34090909090909094
3hop_comp_36,0.2,sell,2,20,28,5,43,0.8484848484848485,0.39436619718309857,0.5384615384615384
3hop_comp_36,0.2,sell,3,20,37,8,34,0.8222222222222222,0.5211267605633803,0.6379310344827586
3hop_comp_36,0.2,sell,1,200,15,2,56,0.8823529411764706,0.2112676056338028,0.34090909090909094
3hop_comp_36,0.2,sell,2,200,28,5,43,0.8484848484848485,0.39436619718309857,0.5384615384615384
3hop_comp_36,0.2,sell,3,200,37,8,34,0.8222222222222222,0.5211267605633803,0.6379310344827586
3hop_comp_43,0.2,classic_lp,0,0,46,21,7,0.6865671641791045,0.8679245283018868,0.7666666666666666
3hop_comp_43,0.2,sell,1,20,12,3,41,0.8,0.22641509433962265,0.35294117647058826
3hop_comp_43,0.2,sell,2,20,22,6,31,0.7857142857142857,0.41509433962264153,0.54320987654321
3hop_comp_43,0.2,sell,3,20,24,9,29,0.7272727272727273,0.4528301886792453,0.5581395348837209
3hop_comp_43,0.2,sell,1,200,12,3,41,0.8,0.22641509433962265,0.35294117647058826
3hop_comp_43,0.2,sell,2,200,22,6,31,0.7857142857142857,0.41509433962264153,0.54320987654321
3hop_comp_43,0.2,sell,3,200,24,9,29,0.7272727272727273,0.4528301886792453,0.5581395348837209
3hop_comp_46,0.2,classic_lp,0,0,65,0,0,1.0,1.0,1.0
3hop_comp_46,0.2,sell,1,20,23,0,42,1.0,0.35384615384615387,0.5227272727272727
3hop_comp_46,0.2,sell,2,20,31,0,34,1.0,0.47692307692307695,0.6458333333333334
3hop_comp_46,0.2,sell,3,20,31,0,34,1.0,0.47692307692307695,0.6458333333333334
3hop_comp_46,0.2,sell,1,200,23,0,42,1.0,0.35384615384615387,0.5227272727272727
3hop_comp_46,0.2,sell,2,200,31,0,34,1.0,0.47692307692307695,0.6458333333333334
3hop_comp_46,0.2,sell,3,200,31,0,34,1.0,0.47692307692307695,0.6458333333333334
3hop_comp_53,0.2,classic_lp,0,0,75,0,0,1.0,1.0,1.0
3hop_comp_53,0.2,sell,1,20,25,0,50,1.0,0.3333333333333333,0.5
3hop_comp_53,0.2,sell,2,20,37,0,38,1.0,0.49333333333333335,0.6607142857142857
3hop_comp_53,0.2,sell,3,20,39,0,36,1.0,0.52,0.6842105263157895
3hop_comp_53,0.2,sell,1,200,25,0,50,1.0,0.3333333333333333,0.5
3hop_comp_53,0.2,sell,2,200,37,0,38,1.0,0.49333333333333335,0.6607142857142857
3hop_comp_53,0.2,sell,3,200,39,0,36,1.0,0.52,0.6842105263157895
3hop_comp_59,0.2,classic_lp,0,0,57,0,9,1.0,0.8636363636363636,0.9268292682926829
3hop_comp_59,0.2,sell,1,20,15,0,51,1.0,0.22727272727272727,0.37037037037037035
3hop_comp_59,0.2,sell,2,20,21,0,45,1.0,0.3181818181818182,0.4827586206896552
3hop_comp_59,0.2,sell,3,20,26,0,40,1.0,0.3939393939393939,0.5652173913043478
3hop_comp_59,0.2,sell,1,200,15,0,51,1.0,0.22727272727272727,0.37037037037037035
3hop_comp_59,0.2,sell,2,200,21,0,45,1.0,0.3181818181818182,0.4827586206896552
3hop_comp_59,0.2,sell,3,200,26,0,40,1.0,0.3939393939393939,0.5652173913043478
3hop_comp_60,0.2,classic_lp,0,0,60,16,4,0.7894736842105263,0.9375,0.8571428571428572
3hop_comp_60,0.2,sell,1,20,31,2,33,0.9393939393939394,0.484375,0.6391752577319588
3hop_comp_60,0.2,sell,2,20,37,5,27,0.8809523809523809,0.578125,0.6981132075471698
3hop_comp_60,0.2,sell,3,20,41,5,23,0.8913043478260869,0.640625,0.7454545454545454
3hop_comp_60,0.2,sell,1,200,31,2,33,0.9393939393939394,0.484375,0.6391752577319588
3hop_comp_60,0.2,sell,2,200,37,5,27,0.8809523809523809,0.578125,0.6981132075471698
3hop_comp_60,0.2,sell,3,200,41,5,23,0.8913043478260869,0.640625,0.7454545454545454
3hop_comp_64,0.2,classic_lp,0,0,61,0,0,1.0,1.0,1.0
3hop_comp_64,0.2,sell,1,20,22,0,39,1.0,0.36065573770491804,0.5301204819277109
3hop_comp_64,0.2,sell,2,20,28,0,33,1.0,0.45901639344262296,0.6292134831460674
3hop_comp_64,0.2,sell,3,20,28,0,33,1.0,0.45901639344262296,0.6292134831460674
3hop_comp_64,0.2,sell,1,200,22,0,39,1.0,0.36065573770491804,0.5301204819277109
3hop_comp_64,0.2,sell,2,200,28,0,33,1.0,0.45901639344262296,0.6292134831460674
3hop_comp_64,0.2,sell,3,200,28,0,33,1.0,0.45901639344262296,0.6292134831460674
3hop_comp_67,0.2,classic_lp,0,0,75,0,0,1.0,1.0,1.0
3hop_comp_67,0.2,sell,1,20,28,0,47,1.0,0.37333333333333335,0.5436893203883496
3hop_comp_67,0.2,sell,2,20,37,0,38,1.0,0.49333333333333335,0.6607142857142857
3hop_comp_67,0.2,sell,3,20,42,0,33,1.0,0.56,0.717948717948718
3hop_comp_67,0.2,sell,1,200,28,0,47,1.0,0.37333333333333335,0.5436893203883496
3hop_comp_67,0.2,sell,2,200,37,0,38,1.0,0.49333333333333335,0.6607142857142857
3hop_comp_67,0.2,sell,3,200,42,0,33,1.0,0.56,0.717948717948718
3hop_comp_72,0.2,classic_lp,0,0,69,12,5,0.8518518518518519,0.9324324324324325,0.8903225806451613
3hop_comp_72,0.2,sell,1,20,28,3,46,0.9032258064516129,0.3783783783783784,0.5333333333333333
3hop_comp_72,0.2,sell,2,20,39,5,35,0.8863636363636364,0.527027027027027,0.6610169491525423
3hop_comp_72,0.2,sell,3,20,46,7,28,0.8679245283018868,0.6216216216216216,0.7244094488188977
3hop_comp_72,0.2,sell,1,200,28,3,46,0.9032258064516129,0.3783783783783784,0.5333333333333333
3hop_comp_72,0.2,sell,2,200,39,5,35,0.8863636363636364,0.527027027027027,0.6610169491525423
3hop_comp_72,0.2,sell,3,200,46,7,28,0.8679245283018868,0.6216216216216216,0.7244094488188977
3hop_comp_73,0.2,classic_lp,0,0,68,13,4,0.8395061728395061,0.9444444444444444,0.888888888888889
3hop_comp_73,0.2,sell,1,20,33,3,39,0.9166666666666666,0.4583333333333333,0.611111111111111
3hop_comp_73,0.2,sell,2,20,38,3,34,0.926829268292683,0.5277777777777778,0.672566371681416
3hop_comp_73,0.2,sell,3,20,44,5,28,0.8979591836734694,0.6111111111111112,0.7272727272727272
3hop_comp_73,0.2,sell,1,200,33,3,39,0.9166666666666666,0.4583333333333333,0.611111111111111
3hop_comp_73,0.2,sell,2,200,38,3,34,0.926829268292683,0.5277777777777778,0.672566371681416
3hop_comp_73,0.2,sell,3,200,44,5,28,0.8979591836734694,0.6111111111111112,0.7272727272727272
3hop_comp_75,0.2,classic_lp,0,0,66,16,5,0.8048780487804879,0.9295774647887324,0.8627450980392157
3hop_comp_75,0.2,sell,1,20,22,4,49,0.8461538461538461,0.30985915492957744,0.45360824742268047
3hop_comp_75,0.2,sell,2,20,28,6,43,0.8235294117647058,0.39436619718309857,0.5333333333333333
3hop_comp_75,0.2,sell,3,20,30,8,41,0.7894736842105263,0.4225352112676056,0.5504587155963302
3hop_comp_75,0.2,sell,1,200,22,4,49,0.8461538461538461,0.30985915492957744,0.45360824742268047
3hop_comp_75,0.2,sell,2,200,28,6,43,0.8235294117647058,0.39436619718309857,0.5333333333333333
3hop_comp_75,0.2,sell,3,200,30,8,41,0.7894736842105263,0.4225352112676056,0.5504587155963302
3hop_comp_77,0.2,classic_lp,0,0,78,0,0,1.0,1.0,1.0
3hop_comp_77,0.2,sell,1,20,24,0,54,1.0,0.3076923076923077,0.47058823529411764
3hop_comp_77,0.2,sell,2,20,35,0,43,1.0,0.44871794871794873,0.6194690265486726
3hop_comp_77,0.2,sell,3,20,35,0,43,1.0,0.44871794871794873,0.6194690265486726
3hop_comp_77,0.2,sell,1,200,24,0,54,1.0,0.3076923076923077,0.47058823529411764
3hop_comp_77,0.2,sell,2,200,35,0,43,1.0,0.44871794871794873,0.6194690265486726
3hop_comp_77,0.2,sell,3,200,35,0,43,1.0,0.44871794871794873,0.6194690265486726
3hop_comp_81,0.2,classic_lp,0,0,70,4,0,0.9459459459459459,1.0,0.9722222222222222
3hop_comp_81,0.2,sell,1,20,26,1,44,0.9629629629629629,0.37142857142857144,0.5360824742268041
3hop_comp_81,0.2,sell,2,20,35,1,35,0.9722222222222222,0.5,0.660377358490566
3hop_comp_81,0.2,sell,3,20,35,1,35,0.9722222222222222,0.5,0.660377358490566
3hop_comp_81,0.2,sell,1,200,26,1,44,0.9629629629629629,0.37142857142857144,0.5360824742268041
3hop_comp_81,0.2,sell,2,200,35,1,35,0.9722222222222222,0.5,0.660377358490566
3hop_comp_81,0.2,sell,3,200,35,1,35,0.9722222222222222,0.5,0.660377358490566
3hop_comp_84,0.2,classic_lp,0,0,71,12,5,0.8554216867469879,0.9342105263157895,0.8930817610062893
3hop_comp_84,0.2,sell,1,20,24,2,52,0.9230769230769231,0.3157894736842105,0.47058823529411764
3hop_comp_84,0.2,sell,2,20,34,3,42,0.918918918918919,0.4473684210526316,0.6017699115044248
3hop_comp_84,0.2,sell,3,20,40,4,36,0.9090909090909091,0.5263157894736842,0.6666666666666666
3hop_comp_84,0.2,sell,1,200,24,2,52,0.9230769230769231,0.3157894736842105,0.47058823529411764
3hop_comp_84,0.2,sell,2,200,34,3,42,0.918918918918919,0.4473684210526316,0.6017699115044248
3hop_comp_84,0.2,sell,3,200,40,4,36,0.9090909090909091,0.5263157894736842,0.6666666666666666
3hop_comp_85,0.2,classic_lp,0,0,69,0,0,1.0,1.0,1.0
3hop_comp_85,0.2,sell,1,20,23,0,46,1.0,0.3333333333333333,0.5
3hop_comp_85,0.2,sell,2,20,28,0,41,1.0,0.4057971014492754,0.577319587628866
3hop_comp_85,0.2,sell,3,20,28,0,41,1.0,0.4057971014492754,0.577319587628866
3hop_comp_85,0.2,sell,1,200,23,0,46,1.0,0.3333333333333333,0.5
3hop_comp_85,0.2,sell,2,200,28,0,41,1.0,0.4057971014492754,0.577319587628866
3hop_comp_85,0.2,sell,3,200,28,0,41,1.0,0.4057971014492754,0.577319587628866
3hop_comp_86,0.2,classic_lp,0,0,77,0,0,1.0,1.0,1.0
3hop_comp_86,0.2,sell,1,20,27,0,50,1.0,0.35064935064935066,0.5192307692307693
3hop_comp_86,0.2,sell,2,20,38,0,39,1.0,0.4935064935064935,0.6608695652173914
3hop_comp_86,0.2,sell,3,20,38,0,39,1.0,0.4935064935064935,0.6608695652173914
3hop_comp_86,0.2,sell,1,200,27,0,50,1.0,0.35064935064935066,0.5192307692307693
3hop_comp_86,0.2,sell,2,200,38,0,39,1.0,0.4935064935064935,0.6608695652173914
3hop_comp_86,0.2,sell,3,200,38,0,39,1.0,0.4935064935064935,0.6608695652173914
3hop_comp_87,0.2,classic_lp,0,0,79,0,0,1.0,1.0,1.0
3hop_comp_87,0.2,sell,1,20,39,0,40,1.0,0.4936708860759494,0.6610169491525424
3hop_comp_87,0.2,sell,2,20,47,0,32,1.0,0.5949367088607594,0.7460317460317459
3hop_comp_87,0.2,sell,3,20,45,0,34,1.0,0.569620253164557,0.7258064516129034
3hop_comp_87,0.2,sell,1,200,39,0,40,1.0,0.4936708860759494,0.6610169491525424
3hop_comp_87,0.2,sell,2,200,47,0,32,1.0,0.5949367088607594,0.7460317460317459
3hop_comp_87,0.2,sell,3,200,49,0,30,1.0,0.620253164556962,0.765625
3hop_comp_94,0.2,classic_lp,0,0,35,6,21,0.8536585365853658,0.625,0.7216494845360826
3hop_comp_94,0.2,sell,1,20,11,3,45,0.7857142857142857,0.19642857142857142,0.3142857142857143
3hop_comp_94,0.2,sell,2,20,11,3,45,0.7857142857142857,0.19642857142857142,0.3142857142857143
3hop_comp_94,0.2,sell,3,20,11,3,45,0.7857142857142857,0.19642857142857142,0.3142857142857143
3hop_comp_94,0.2,sell,1,200,11,3,45,0.7857142857142857,0.19642857142857142,0.3142857142857143
3hop_comp_94,0.2,sell,2,200,11,3,45,0.7857142857142857,0.19642857142857142,0.3142857142857143
3hop_comp_94,0.2,sell,3,200,11,3,45,0.7857142857142857,0.19642857142857142,0.3142857142857143
3hop_comp_96,0.2,classic_lp,0,0,44,4,25,0.9166666666666666,0.6376811594202898,0.752136752136752
3hop_comp_96,0.2,sell,1,20,24,2,45,0.9230769230769231,0.34782608695652173,0.5052631578947369
3hop_comp_96,0.2,sell,2,20,29,2,40,0.9354838709677419,0.42028985507246375,0.58
3hop_comp_96,0.2,sell,3,20,29,2,40,0.9354838709677419,0.42028985507246375,0.58
3hop_comp_96,0.2,sell,1,200,24,2,45,0.9230769230769231,0.34782608695652173,0.5052631578947369
3hop_comp_96,0.2,sell,2,200,29,2,40,0.9354838709677419,0.42028985507246375,0.58
3hop_comp_96,0.2,sell,3,200,29,2,40,0.9354838709677419,0.42028985507246375,0.58
3hop_comp_100,0.2,classic_lp,0,0,45,23,7,0.6617647058823529,0.8653846153846154,0.75
3hop_comp_100,0.2,sell,1,20,14,2,38,0.875,0.2692307692307692,0.411764705882353
3hop_comp_100,0.2,sell,2,20,22,4,30,0.8461538461538461,0.4230769230769231,0.5641025641025641
3hop_comp_100,0.2,sell,3,20,26,5,26,0.8387096774193549,0.5,0.6265060240963854
3hop_comp_100,0.2,sell,1,200,14,2,38,0.875,0.2692307692307692,0.411764705882353
3hop_comp_100,0.2,sell,2,200,22,4,30,0.8461538461538461,0.4230769230769231,0.5641025641025641
3hop_comp_100,0.2,sell,3,200,26,5,26,0.8387096774193549,0.5,0.6265060240963854
3hop_comp_103,0.2,classic_lp,0,0,51,0,0,1.0,1.0,1.0
3hop_comp_103,0.2,sell,1,20,15,0,36,1.0,0.29411764705882354,0.45454545454545453
3hop_comp_103,0.2,sell,2,20,22,0,29,1.0,0.43137254901960786,0.6027397260273972
3hop_comp_103,0.2,sell,3,20,22,0,29,1.0,0.43137254901960786,0.6027397260273972
3hop_comp_103,0.2,sell,1,200,15,0,36,1.0,0.29411764705882354,0.45454545454545453
3hop_comp_103,0.2,sell,2,200,22,0,29,1.0,0.43137254901960786,0.6027397260273972
3hop_comp_103,0.2,sell,3,200,22,0,29,1.0,0.43137254901960786,0.6027397260273972
3hop_comp_105,0.2,classic_lp,0,0,75,0,0,1.0,1.0,1.0
3hop_comp_105,0.2,sell,1,20,25,0,50,1.0,0.3333333333333333,0.5
3hop_comp_105,0.2,sell,2,20,33,0,42,1.0,0.44,0.6111111111111112
3hop_comp_105,0.2,sell,3,20,42,0,33,1.0,0.56,0.717948717948718
3hop_comp_105,0.2,sell,1,200,25,0,50,1.0,0.3333333333333333,0.5
3hop_comp_105,0.2,sell,2,200,33,0,42,1.0,0.44,0.6111111111111112
3hop_comp_105,0.2,sell,3,200,42,0,33,1.0,0.56,0.717948717948718
3hop_comp_108,0.2,classic_lp,0,0,76,0,0,1.0,1.0,1.0
3hop_comp_108,0.2,sell,1,20,27,0,49,1.0,0.35526315789473684,0.5242718446601942
3hop_comp_108,0.2,sell,2,20,39,0,37,1.0,0.5131578947368421,0.6782608695652175
3hop_comp_108,0.2,sell,3,20,39,0,37,1.0,0.5131578947368421,0.6782608695652175
3hop_comp_108,0.2,sell,1,200,27,0,49,1.0,0.35526315789473684,0.5242718446601942
3hop_comp_108,0.2,sell,2,200,39,0,37,1.0,0.5131578947368421,0.6782608695652175
3hop_comp_108,0.2,sell,3,200,39,0,37,1.0,0.5131578947368421,0.6782608695652175
3hop_comp_109,0.2,classic_lp,0,0,78,0,0,1.0,1.0,1.0
3hop_comp_109,0.2,sell,1,20,31,0,47,1.0,0.3974358974358974,0.5688073394495413
3hop_comp_109,0.2,sell,2,20,44,0,34,1.0,0.5641025641025641,0.7213114754098361
3hop_comp_109,0.2,sell,3,20,47,0,31,1.0,0.6025641025641025,0.7519999999999999
3hop_comp_109,0.2,sell,1,200,31,0,47,1.0,0.3974358974358974,0.5688073394495413
3hop_comp_109,0.2,sell,2,200,44,0,34,1.0,0.5641025641025641,0.7213114754098361
3hop_comp_109,0.2,sell,3,200,47,0,31,1.0,0.6025641025641025,0.7519999999999999
3hop_comp_110,0.2,classic_lp,0,0,30,8,25,0.7894736842105263,0.5454545454545454,0.6451612903225806
3hop_comp_110,0.2,sell,1,20,13,4,42,0.7647058823529411,0.23636363636363636,0.3611111111111111
3hop_comp_110,0.2,sell,2,20,13,4,42,0.7647058823529411,0.23636363636363636,0.3611111111111111
3hop_comp_110,0.2,sell,3,20,13,4,42,0.7647058823529411,0.23636363636363636,0.3611111111111111
3hop_comp_110,0.2,sell,1,200,13,4,42,0.7647058823529411,0.23636363636363636,0.3611111111111111
3hop_comp_110,0.2,sell,2,200,13,4,42,0.7647058823529411,0.23636363636363636,0.3611111111111111
3hop_comp_110,0.2,sell,3,200,13,4,42,0.7647058823529411,0.23636363636363636,0.3611111111111111
3hop_comp_112,0.2,classic_lp,0,0,37,0,0,1.0,1.0,1.0
3hop_comp_112,0.2,sell,1,20,18,0,19,1.0,0.4864864864864865,0.6545454545454547
3hop_comp_112,0.2,sell,2,20,18,0,19,1.0,0.4864864864864865,0.6545454545454547
3hop_comp_112,0.2,sell,3,20,18,0,19,1.0,0.4864864864864865,0.6545454545454547
3hop_comp_112,0.2,sell,1,200,18,0,19,1.0,0.4864864864864865,0.6545454545454547
3hop_comp_112,0.2,sell,2,200,18,0,19,1.0,0.4864864864864865,0.6545454545454547
3hop_comp_112,0.2,sell,3,200,18,0,19,1.0,0.4864864864864865,0.6545454545454547
3hop_comp_115,0.2,classic_lp,0,0,65,7,4,0.9027777777777778,0.9420289855072463,0.9219858156028369
3hop_comp_115,0.2,sell,1,20,22,0,47,1.0,0.3188405797101449,0.48351648351648346
3hop_comp_115,0.2,sell,2,20,32,1,37,0.9696969696969697,0.463768115942029,0.6274509803921569
3hop_comp_115,0.2,sell,3,20,35,1,34,0.9722222222222222,0.5072463768115942,0.6666666666666666
3hop_comp_115,0.2,sell,1,200,22,0,47,1.0,0.3188405797101449,0.48351648351648346
3hop_comp_115,0.2,sell,2,200,32,1,37,0.9696969696969697,0.463768115942029,0.6274509803921569
3hop_comp_115,0.2,sell,3,200,35,1,34,0.9722222222222222,0.5072463768115942,0.6666666666666666
3hop_comp_116,0.2,classic_lp,0,0,64,11,0,0.8533333333333334,1.0,0.9208633093525179
3hop_comp_116,0.2,sell,1,20,22,1,42,0.9565217391304348,0.34375,0.5057471264367817
3hop_comp_116,0.2,sell,2,20,31,4,33,0.8857142857142857,0.484375,0.6262626262626262
3hop_comp_116,0.2,sell,3,20,32,5,32,0.8648648648648649,0.5,0.6336633663366337
3hop_comp_116,0.2,sell,1,200,22,1,42,0.9565217391304348,0.34375,0.5057471264367817
3hop_comp_116,0.2,sell,2,200,31,4,33,0.8857142857142857,0.484375,0.6262626262626262
3hop_comp_116,0.2,sell,3,200,32,5,32,0.8648648648648649,0.5,0.6336633663366337
3hop_comp_120,0.2,classic_lp,0,0,80,0,0,1.0,1.0,1.0
3hop_comp_120,0.2,sell,1,20,26,0,54,1.0,0.325,0.4905660377358491
3hop_comp_120,0.2,sell,2,20,36,0,44,1.0,0.45,0.6206896551724138
3hop_comp_120,0.2,sell,3,20,44,0,36,1.0,0.55,0.7096774193548387
3hop_comp_120,0.2,sell,1,200,26,0,54,1.0,0.325,0.4905660377358491
3hop_comp_120,0.2,sell,2,200,36,0,44,1.0,0.45,0.6206896551724138
3hop_comp_120,0.2,sell,3,200,44,0,36,1.0,0.55,0.7096774193548387
3hop_comp_121,0.2,classic_lp,0,0,65,8,10,0.8904109589041096,0.8666666666666667,0.8783783783783784
3hop_comp_121,0.2,sell,1,20,15,3,60,0.8333333333333334,0.2,0.3225806451612903
3hop_comp_121,0.2,sell,2,20,23,3,52,0.8846153846153846,0.30666666666666664,0.4554455445544554
3hop_comp_121,0.2,sell,3,20,27,3,48,0.9,0.36,0.5142857142857143
3hop_comp_121,0.2,sell,1,200,15,3,60,0.8333333333333334,0.2,0.3225806451612903
3hop_comp_121,0.2,sell,2,200,23,3,52,0.8846153846153846,0.30666666666666664,0.4554455445544554
3hop_comp_121,0.2,sell,3,200,27,3,48,0.9,0.36,0.5142857142857143
3hop_comp_122,0.2,classic_lp,0,0,74,7,4,0.9135802469135802,0.9487179487179487,0.9308176100628931
3hop_comp_122,0.2,sell,1,20,25,1,53,0.9615384615384616,0.32051282051282054,0.4807692307692308
3hop_comp_122,0.2,sell,2,20,32,1,46,0.9696969696969697,0.41025641025641024,0.5765765765765766
3hop_comp_122,0.2,sell,3,20,34,1,44,0.9714285714285714,0.4358974358974359,0.6017699115044248
3hop_comp_122,0.2,sell,1,200,25,1,53,0.9615384615384616,0.32051282051282054,0.4807692307692308
3hop_comp_122,0.2,sell,2,200,32,1,46,0.9696969696969697,0.41025641025641024,0.5765765765765766
3hop_comp_122,0.2,sell,3,200,34,1,44,0.9714285714285714,0.4358974358974359,0.6017699115044248
3hop_comp_123,0.2,classic_lp,0,0,48,0,0,1.0,1.0,1.0
3hop_comp_123,0.2,sell,1,20,15,0,33,1.0,0.3125,0.47619047619047616
3hop_comp_123,0.2,sell,2,20,20,0,28,1.0,0.4166666666666667,0.5882352941176471
3hop_comp_123,0.2,sell,3,20,20,0,28,1.0,0.4166666666666667,0.5882352941176471
3hop_comp_123,0.2,sell,1,200,15,0,33,1.0,0.3125,0.47619047619047616
3hop_comp_123,0.2,sell,2,200,20,0,28,1.0,0.4166666666666667,0.5882352941176471
3hop_comp_123,0.2,sell,3,200,20,0,28,1.0,0.4166666666666667,0.5882352941176471
3hop_comp_130,0.2,classic_lp,0,0,70,0,0,1.0,1.0,1.0
3hop_comp_130,0.2,sell,1,20,18,0,52,1.0,0.2571428571428571,0.40909090909090906
3hop_comp_130,0.2,sell,2,20,25,0,45,1.0,0.35714285714285715,0.5263157894736842
3hop_comp_130,0.2,sell,3,20,29,0,41,1.0,0.4142857142857143,0.5858585858585859
3hop_comp_130,0.2,sell,1,200,18,0,52,1.0,0.2571428571428571,0.40909090909090906
3hop_comp_130,0.2,sell,2,200,25,0,45,1.0,0.35714285714285715,0.5263157894736842
3hop_comp_130,0.2,sell,3,200,29,0,41,1.0,0.4142857142857143,0.5858585858585859
3hop_comp_132,0.2,classic_lp,0,0,73,0,0,1.0,1.0,1.0
3hop_comp_132,0.2,sell,1,20,24,0,49,1.0,0.3287671232876712,0.49484536082474223
3hop_comp_132,0.2,sell,2,20,37,0,36,1.0,0.5068493150684932,0.6727272727272727
3hop_comp_132,0.2,sell,3,20,37,0,36,1.0,0.5068493150684932,0.6727272727272727
3hop_comp_132,0.2,sell,1,200,24,0,49,1.0,0.3287671232876712,0.49484536082474223
3hop_comp_132,0.2,sell,2,200,37,0,36,1.0,0.5068493150684932,0.6727272727272727
3hop_comp_132,0.2,sell,3,200,37,0,36,1.0,0.5068493150684932,0.6727272727272727
3hop_comp_137,0.2,classic_lp,0,0,80,4,0,0.9523809523809523,1.0,0.975609756097561
3hop_comp_137,0.2,sell,1,20,26,0,54,1.0,0.325,0.4905660377358491
3hop_comp_137,0.2,sell,2,20,37,0,43,1.0,0.4625,0.6324786324786326
3hop_comp_137,0.2,sell,3,20,40,0,40,1.0,0.5,0.6666666666666666
3hop_comp_137,0.2,sell,1,200,26,0,54,1.0,0.325,0.4905660377358491
3hop_comp_137,0.2,sell,2,200,37,0,43,1.0,0.4625,0.6324786324786326
3hop_comp_137,0.2,sell,3,200,40,0,40,1.0,0.5,0.6666666666666666
3hop_comp_142,0.2,classic_lp,0,0,79,0,0,1.0,1.0,1.0
3hop_comp_142,0.2,sell,1,20,31,0,48,1.0,0.3924050632911392,0.5636363636363637
3hop_comp_142,0.2,sell,2,20,42,0,37,1.0,0.5316455696202531,0.6942148760330578
3hop_comp_142,0.2,sell,3,20,45,0,34,1.0,0.569620253164557,0.7258064516129034
3hop_comp_142,0.2,sell,1,200,31,0,48,1.0,0.3924050632911392,0.5636363636363637
3hop_comp_142,0.2,sell,2,200,42,0,37,1.0,0.5316455696202531,0.6942148760330578
3hop_comp_142,0.2,sell,3,200,45,0,34,1.0,0.569620253164557,0.7258064516129034
3hop_comp_0,0.3,classic_lp,0,0,67,6,6,0.9178082191780822,0.9178082191780822,0.9178082191780822
3hop_comp_0,0.3,sell,1,20,24,1,49,0.96,0.3287671232876712,0.4897959183673469
3hop_comp_0,0.3,sell,2,20,38,1,35,0.9743589743589743,0.5205479452054794,0.6785714285714285
3hop_comp_0,0.3,sell,3,20,40,3,33,0.9302325581395349,0.547945205479452,0.689655172413793
3hop_comp_0,0.3,sell,1,200,24,1,49,0.96,0.3287671232876712,0.4897959183673469
3hop_comp_0,0.3,sell,2,200,38,1,35,0.9743589743589743,0.5205479452054794,0.6785714285714285
3hop_comp_0,0.3,sell,3,200,40,3,33,0.9302325581395349,0.547945205479452,0.689655172413793
3hop_comp_3,0.3,classic_lp,0,0,73,11,2,0.8690476190476191,0.9733333333333334,0.9182389937106918
3hop_comp_3,0.3,sell,1,20,25,1,50,0.9615384615384616,0.3333333333333333,0.495049504950495
3hop_comp_3,0.3,sell,2,20,35,3,40,0.9210526315789473,0.4666666666666667,0.6194690265486725
3hop_comp_3,0.3,sell,3,20,36,5,39,0.8780487804878049,0.48,0.6206896551724138
3hop_comp_3,0.3,sell,1,200,25,1,50,0.9615384615384616,0.3333333333333333,0.495049504950495
3hop_comp_3,0.3,sell,2,200,35,3,40,0.9210526315789473,0.4666666666666667,0.6194690265486725
3hop_comp_3,0.3,sell,3,200,36,5,39,0.8780487804878049,0.48,0.6206896551724138
3hop_comp_9,0.3,classic_lp,0,0,60,0,0,1.0,1.0,1.0
3hop_comp_9,0.3,sell,1,20,17,0,43,1.0,0.2833333333333333,0.4415584415584416
3hop_comp_9,0.3,sell,2,20,25,0,35,1.0,0.4166666666666667,0.5882352941176471
3hop_comp_9,0.3,sell,3,20,25,0,35,1.0,0.4166666666666667,0.5882352941176471
3hop_comp_9,0.3,sell,1,200,17,0,43,1.0,0.2833333333333333,0.4415584415584416
3hop_comp_9,0.3,sell,2,200,25,0,35,1.0,0.4166666666666667,0.5882352941176471
3hop_comp_9,0.3,sell,3,200,25,0,35,1.0,0.4166666666666667,0.5882352941176471
3hop_comp_10,0.3,classic_lp,0,0,65,11,11,0.8552631578947368,0.8552631578947368,0.8552631578947367
3hop_comp_10,0.3,sell,1,20,23,2,53,0.92,0.3026315789473684,0.4554455445544554
3hop_comp_10,0.3,sell,2,20,34,4,42,0.8947368421052632,0.4473684210526316,0.5964912280701755
3hop_comp_10,0.3,sell,3,20,34,4,42,0.8947368421052632,0.4473684210526316,0.5964912280701755
3hop_comp_10,0.3,sell,1,200,23,2,53,0.92,0.3026315789473684,0.4554455445544554
3hop_comp_10,0.3,sell,2,200,34,4,42,0.8947368421052632,0.4473684210526316,0.5964912280701755
3hop_comp_10,0.3,sell,3,200,34,4,42,0.8947368421052632,0.4473684210526316,0.5964912280701755
3hop_comp_13,0.3,classic_lp,0,0,74,0,0,1.0,1.0,1.0
3hop_comp_13,0.3,sell,1,20,22,0,52,1.0,0.2972972972972973,0.4583333333333333
3hop_comp_13,0.3,sell,2,20,32,0,42,1.0,0.43243243243243246,0.6037735849056604
3hop_comp_13,0.3,sell,3,20,38,0,36,1.0,0.5135135135135135,0.6785714285714285
3hop_comp_13,0.3,sell,1,200,22,0,52,1.0,0.2972972972972973,0.4583333333333333
3hop_comp_13,0.3,sell,2,200,32,0,42,1.0,0.43243243243243246,0.6037735849056604
3hop_comp_13,0.3,sell,3,200,38,0,36,1.0,0.5135135135135135,0.6785714285714285
3hop_comp_15,0.3,classic_lp,0,0,51,16,13,0.7611940298507462,0.796875,0.7786259541984732
3hop_comp_15,0.3,sell,1,20,12,3,52,0.8,0.1875,0.3037974683544304
3hop_comp_15,0.3,sell,2,20,16,5,48,0.7619047619047619,0.25,0.3764705882352941
3hop_comp_15,0.3,sell,3,20,18,7,46,0.72,0.28125,0.4044943820224719
3hop_comp_15,0.3,sell,1,200,12,3,52,0.8,0.1875,0.3037974683544304
3hop_comp_15,0.3,sell,2,200,16,5,48,0.7619047619047619,0.25,0.3764705882352941
3hop_comp_15,0.3,sell,3,200,18,7,46,0.72,0.28125,0.4044943820224719
3hop_comp_21,0.3,classic_lp,0,0,69,7,10,0.9078947368421053,0.8734177215189873,0.8903225806451613
3hop_comp_21,0.3,sell,1,20,31,1,48,0.96875,0.3924050632911392,0.5585585585585585
3hop_comp_21,0.3,sell,2,20,39,2,40,0.9512195121951219,0.4936708860759494,0.65
3hop_comp_21,0.3,sell,3,20,39,2,40,0.9512195121951219,0.4936708860759494,0.65
3hop_comp_21,0.3,sell,1,200,31,1,48,0.96875,0.3924050632911392,0.5585585585585585
3hop_comp_21,0.3,sell,2,200,39,2,40,0.9512195121951219,0.4936708860759494,0.65
3hop_comp_21,0.3,sell,3,200,39,2,40,0.9512195121951219,0.4936708860759494,0.65
3hop_comp_26,0.3,classic_lp,0,0,76,10,4,0.8837209302325582,0.95,0.9156626506024096
3hop_comp_26,0.3,sell,1,20,31,1,49,0.96875,0.3875,0.5535714285714286
3hop_comp_26,0.3,sell,2,20,43,2,37,0.9555555555555556,0.5375,0.6880000000000001
3hop_comp_26,0.3,sell,3,20,47,2,33,0.9591836734693877,0.5875,0.7286821705426357
3hop_comp_26,0.3,sell,1,200,31,1,49,0.96875,0.3875,0.5535714285714286
3hop_comp_26,0.3,sell,2,200,43,2,37,0.9555555555555556,0.5375,0.6880000000000001
3hop_comp_26,0.3,sell,3,200,47,2,33,0.9591836734693877,0.5875,0.7286821705426357
3hop_comp_29,0.3,classic_lp,0,0,78,0,0,1.0,1.0,1.0
3hop_comp_29,0.3,sell,1,20,30,0,48,1.0,0.38461538461538464,0.5555555555555556
3hop_comp_29,0.3,sell,2,20,40,0,38,1.0,0.5128205128205128,0.6779661016949152
3hop_comp_29,0.3,sell,3,20,43,0,35,1.0,0.5512820512820513,0.7107438016528926
3hop_comp_29,0.3,sell,1,200,30,0,48,1.0,0.38461538461538464,0.5555555555555556
3hop_comp_29,0.3,sell,2,200,40,0,38,1.0,0.5128205128205128,0.6779661016949152
3hop_comp_29,0.3,sell,3,200,43,0,35,1.0,0.5512820512820513,0.7107438016528926
3hop_comp_32,0.3,classic_lp,0,0,76,1,4,0.987012987012987,0.95,0.9681528662420381
3hop_comp_32,0.3,sell,1,20,25,0,55,1.0,0.3125,0.47619047619047616
3hop_comp_32,0.3,sell,2,20,39,0,41,1.0,0.4875,0.6554621848739496
3hop_comp_32,0.3,sell,3,20,43,0,37,1.0,0.5375,0.6991869918699186
3hop_comp_32,0.3,sell,1,200,25,0,55,1.0,0.3125,0.47619047619047616
3hop_comp_32,0.3,sell,2,200,39,0,41,1.0,0.4875,0.6554621848739496
3hop_comp_32,0.3,sell,3,200,43,0,37,1.0,0.5375,0.6991869918699186
3hop_comp_35,0.3,classic_lp,0,0,73,5,4,0.9358974358974359,0.948051948051948,0.9419354838709677
3hop_comp_35,0.3,sell,1,20,23,1,54,0.9583333333333334,0.2987012987012987,0.4554455445544554
3hop_comp_35,0.3,sell,2,20,34,2,43,0.9444444444444444,0.44155844155844154,0.6017699115044248
3hop_comp_35,0.3,sell,3,20,35,2,42,0.9459459459459459,0.45454545454545453,0.6140350877192983
3hop_comp_35,0.3,sell,1,200,23,1,54,0.9583333333333334,0.2987012987012987,0.4554455445544554
3hop_comp_35,0.3,sell,2,200,34,2,43,0.9444444444444444,0.44155844155844154,0.6017699115044248
3hop_comp_35,0.3,sell,3,200,35,2,42,0.9459459459459459,0.45454545454545453,0.6140350877192983
3hop_comp_36,0.3,classic_lp,0,0,46,6,25,0.8846153846153846,0.647887323943662,0.7479674796747967
3hop_comp_36,0.3,sell,1,20,14,1,57,0.9333333333333333,0.19718309859154928,0.3255813953488372
3hop_comp_36,0.3,sell,2,20,20,1,51,0.9523809523809523,0.28169014084507044,0.4347826086956522
3hop_comp_36,0.3,sell,3,20,20,1,51,0.9523809523809523,0.28169014084507044,0.4347826086956522
3hop_comp_36,0.3,sell,1,200,14,1,57,0.9333333333333333,0.19718309859154928,0.3255813953488372
3hop_comp_36,0.3,sell,2,200,20,1,51,0.9523809523809523,0.28169014084507044,0.4347826086956522
3hop_comp_36,0.3,sell,3,200,20,1,51,0.9523809523809523,0.28169014084507044,0.4347826086956522
3hop_comp_43,0.3,classic_lp,0,0,37,30,16,0.5522388059701493,0.6981132075471698,0.6166666666666666
3hop_comp_43,0.3,sell,1,20,11,5,42,0.6875,0.20754716981132076,0.31884057971014496
3hop_comp_43,0.3,sell,2,20,14,8,39,0.6363636363636364,0.2641509433962264,0.3733333333333333
3hop_comp_43,0.3,sell,3,20,16,9,37,0.64,0.3018867924528302,0.4102564102564102
3hop_comp_43,0.3,sell,1,200,11,5,42,0.6875,0.20754716981132076,0.31884057971014496
3hop_comp_43,0.3,sell,2,200,14,8,39,0.6363636363636364,0.2641509433962264,0.3733333333333333
3hop_comp_43,0.3,sell,3,200,16,9,37,0.64,0.3018867924528302,0.4102564102564102
3hop_comp_46,0.3,classic_lp,0,0,56,8,9,0.875,0.8615384615384616,0.8682170542635659
3hop_comp_46,0.3,sell,1,20,22,1,43,0.9565217391304348,0.3384615384615385,0.5000000000000001
3hop_comp_46,0.3,sell,2,20,25,1,40,0.9615384615384616,0.38461538461538464,0.5494505494505495
3hop_comp_46,0.3,sell,3,20,25,1,40,0.9615384615384616,0.38461538461538464,0.5494505494505495
3hop_comp_46,0.3,sell,1,200,22,1,43,0.9565217391304348,0.3384615384615385,0.5000000000000001
3hop_comp_46,0.3,sell,2,200,25,1,40,0.9615384615384616,0.38461538461538464,0.5494505494505495
3hop_comp_46,0.3,sell,3,200,25,1,40,0.9615384615384616,0.38461538461538464,0.5494505494505495
3hop_comp_53,0.3,classic_lp,0,0,75,0,0,1.0,1.0,1.0
3hop_comp_53,0.3,sell,1,20,25,0,50,1.0,0.3333333333333333,0.5
3hop_comp_53,0.3,sell,2,20,37,0,38,1.0,0.49333333333333335,0.6607142857142857
3hop_comp_53,0.3,sell,3,20,39,0,36,1.0,0.52,0.6842105263157895
3hop_comp_53,0.3,sell,1,200,25,0,50,1.0,0.3333333333333333,0.5
3hop_comp_53,0.3,sell,2,200,37,0,38,1.0,0.49333333333333335,0.6607142857142857
3hop_comp_53,0.3,sell,3,200,39,0,36,1.0,0.52,0.6842105263157895
3hop_comp_59,0.3,classic_lp,0,0,61,15,5,0.8026315789473685,0.9242424242424242,0.8591549295774648
3hop_comp_59,0.3,sell,1,20,12,2,54,0.8571428571428571,0.18181818181818182,0.30000000000000004
3hop_comp_59,0.3,sell,2,20,26,3,40,0.896551724137931,0.3939393939393939,0.5473684210526315
3hop_comp_59,0.3,sell,3,20,35,5,31,0.875,0.5303030303030303,0.660377358490566
3hop_comp_59,0.3,sell,1,200,12,2,54,0.8571428571428571,0.18181818181818182,0.30000000000000004
3hop_comp_59,0.3,sell,2,200,26,3,40,0.896551724137931,0.3939393939393939,0.5473684210526315
3hop_comp_59,0.3,sell,3,200,35,5,31,0.875,0.5303030303030303,0.660377358490566
3hop_comp_60,0.3,classic_lp,0,0,60,0,4,1.0,0.9375,0.967741935483871
3hop_comp_60,0.3,sell,1,20,29,0,35,1.0,0.453125,0.6236559139784946
3hop_comp_60,0.3,sell,2,20,34,0,30,1.0,0.53125,0.6938775510204082
3hop_comp_60,0.3,sell,3,20,41,0,23,1.0,0.640625,0.780952380952381
3hop_comp_60,0.3,sell,1,200,29,0,35,1.0,0.453125,0.6236559139784946
3hop_comp_60,0.3,sell,2,200,34,0,30,1.0,0.53125,0.6938775510204082
3hop_comp_60,0.3,sell,3,200,41,0,23,1.0,0.640625,0.780952380952381
3hop_comp_64,0.3,classic_lp,0,0,53,14,8,0.7910447761194029,0.8688524590163934,0.828125
3hop_comp_64,0.3,sell,1,20,22,1,39,0.9565217391304348,0.36065573770491804,0.5238095238095238
3hop_comp_64,0.3,sell,2,20,26,5,35,0.8387096774193549,0.4262295081967213,0.5652173913043479
3hop_comp_64,0.3,sell,3,20,26,5,35,0.8387096774193549,0.4262295081967213,0.5652173913043479
3hop_comp_64,0.3,sell,1,200,22,1,39,0.9565217391304348,0.36065573770491804,0.5238095238095238
3hop_comp_64,0.3,sell,2,200,26,5,35,0.8387096774193549,0.4262295081967213,0.5652173913043479
3hop_comp_64,0.3,sell,3,200,26,5,35,0.8387096774193549,0.4262295081967213,0.5652173913043479
3hop_comp_67,0.3,classic_lp,0,0,75,6,0,0.9259259259259259,1.0,0.9615384615384615
3hop_comp_67,0.3,sell,1,20,33,1,42,0.9705882352941176,0.44,0.6055045871559633
3hop_comp_67,0.3,sell,2,20,44,1,31,0.9777777777777777,0.5866666666666667,0.7333333333333334
3hop_comp_67,0.3,sell,3,20,54,1,21,0.9818181818181818,0.72,0.8307692307692308
3hop_comp_67,0.3,sell,1,200,33,1,42,0.9705882352941176,0.44,0.6055045871559633
3hop_comp_67,0.3,sell,2,200,44,1,31,0.9777777777777777,0.5866666666666667,0.7333333333333334
3hop_comp_67,0.3,sell,3,200,54,1,21,0.9818181818181818,0.72,0.8307692307692308
3hop_comp_72,0.3,classic_lp,0,0,70,0,4,1.0,0.9459459459459459,0.9722222222222222
3hop_comp_72,0.3,sell,1,20,29,0,45,1.0,0.3918918918918919,0.5631067961165048
3hop_comp_72,0.3,sell,2,20,39,0,35,1.0,0.527027027027027,0.6902654867256637
3hop_comp_72,0.3,sell,3,20,40,0,34,1.0,0.5405405405405406,0.7017543859649124
3hop_comp_72,0.3,sell,1,200,29,0,45,1.0,0.3918918918918919,0.5631067961165048
3hop_comp_72,0.3,sell,2,200,39,0,35,1.0,0.527027027027027,0.6902654867256637
3hop_comp_72,0.3,sell,3,200,40,0,34,1.0,0.5405405405405406,0.7017543859649124
3hop_comp_73,0.3,classic_lp,0,0,68,11,4,0.8607594936708861,0.9444444444444444,0.9006622516556292
3hop_comp_73,0.3,sell,1,20,30,3,42,0.9090909090909091,0.4166666666666667,0.5714285714285715
3hop_comp_73,0.3,sell,2,20,34,5,38,0.8717948717948718,0.4722222222222222,0.6126126126126126
3hop_comp_73,0.3,sell,3,20,39,6,33,0.8666666666666667,0.5416666666666666,0.6666666666666667
3hop_comp_73,0.3,sell,1,200,30,3,42,0.9090909090909091,0.4166666666666667,0.5714285714285715
3hop_comp_73,0.3,sell,2,200,34,5,38,0.8717948717948718,0.4722222222222222,0.6126126126126126
3hop_comp_73,0.3,sell,3,200,39,6,33,0.8666666666666667,0.5416666666666666,0.6666666666666667
3hop_comp_75,0.3,classic_lp,0,0,71,0,0,1.0,1.0,1.0
3hop_comp_75,0.3,sell,1,20,23,0,48,1.0,0.323943661971831,0.4893617021276596
3hop_comp_75,0.3,sell,2,20,26,0,45,1.0,0.36619718309859156,0.5360824742268041
3hop_comp_75,0.3,sell,3,20,26,0,45,1.0,0.36619718309859156,0.5360824742268041
3hop_comp_75,0.3,sell,1,200,23,0,48,1.0,0.323943661971831,0.4893617021276596
3hop_comp_75,0.3,sell,2,200,26,0,45,1.0,0.36619718309859156,0.5360824742268041
3hop_comp_75,0.3,sell,3,200,26,0,45,1.0,0.36619718309859156,0.5360824742268041
3hop_comp_77,0.3,classic_lp,0,0,76,8,2,0.9047619047619048,0.9743589743589743,0.9382716049382716
3hop_comp_77,0.3,sell,1,20,27,1,51,0.9642857142857143,0.34615384615384615,0.5094339622641509
3hop_comp_77,0.3,sell,2,20,44,3,34,0.9361702127659575,0.5641025641025641,0.7040000000000001
3hop_comp_77,0.3,sell,3,20,46,4,32,0.92,0.5897435897435898,0.71875
3hop_comp_77,0.3,sell,1,200,27,1,51,0.9642857142857143,0.34615384615384615,0.5094339622641509
3hop_comp_77,0.3,sell,2,200,44,3,34,0.9361702127659575,0.5641025641025641,0.7040000000000001
3hop_comp_77,0.3,sell,3,200,46,4,32,0.92,0.5897435897435898,0.71875
3hop_comp_81,0.3,classic_lp,0,0,70,6,0,0.9210526315789473,1.0,0.958904109589041
3hop_comp_81,0.3,sell,1,20,21,1,49,0.9545454545454546,0.3,0.45652173913043476
3hop_comp_81,0.3,sell,2,20,33,2,37,0.9428571428571428,0.4714285714285714,0.6285714285714287
3hop_comp_81,0.3,sell,3,20,38,2,32,0.95,0.5428571428571428,0.6909090909090908
3hop_comp_81,0.3,sell,1,200,21,1,49,0.9545454545454546,0.3,0.45652173913043476
3hop_comp_81,0.3,sell,2,200,33,2,37,0.9428571428571428,0.4714285714285714,0.6285714285714287
3hop_comp_81,0.3,sell,3,200,38,2,32,0.95,0.5428571428571428,0.6909090909090908
3hop_comp_84,0.3,classic_lp,0,0,73,10,3,0.8795180722891566,0.9605263157894737,0.9182389937106917
3hop_comp_84,0.3,sell,1,20,25,0,51,1.0,0.32894736842105265,0.4950495049504951
3hop_comp_84,0.3,sell,2,20,35,1,41,0.9722222222222222,0.4605263157894737,0.625
3hop_comp_84,0.3,sell,3,20,41,3,35,0.9318181818181818,0.5394736842105263,0.6833333333333332
3hop_comp_84,0.3,sell,1,200,25,0,51,1.0,0.32894736842105265,0.4950495049504951
3hop_comp_84,0.3,sell,2,200,35,1,41,0.9722222222222222,0.4605263157894737,0.625
3hop_comp_84,0.3,sell,3,200,41,3,35,0.9318181818181818,0.5394736842105263,0.6833333333333332
3hop_comp_85,0.3,classic_lp,0,0,60,13,9,0.821917808219178,0.8695652173913043,0.8450704225352113
3hop_comp_85,0.3,sell,1,20,18,5,51,0.782608695652174,0.2608695652173913,0.391304347826087
3hop_comp_85,0.3,sell,2,20,25,5,44,0.8333333333333334,0.36231884057971014,0.5050505050505051
3hop_comp_85,0.3,sell,3,20,31,6,38,0.8378378378378378,0.4492753623188406,0.5849056603773585
3hop_comp_85,0.3,sell,1,200,18,5,51,0.782608695652174,0.2608695652173913,0.391304347826087
3hop_comp_85,0.3,sell,2,200,25,5,44,0.8333333333333334,0.36231884057971014,0.5050505050505051
3hop_comp_85,0.3,sell,3,200,31,6,38,0.8378378378378378,0.4492753623188406,0.5849056603773585
3hop_comp_86,0.3,classic_lp,0,0,69,9,8,0.8846153846153846,0.8961038961038961,0.8903225806451613
3hop_comp_86,0.3,sell,1,20,25,1,52,0.9615384615384616,0.3246753246753247,0.48543689320388356
3hop_comp_86,0.3,sell,2,20,34,1,43,0.9714285714285714,0.44155844155844154,0.6071428571428571
3hop_comp_86,0.3,sell,3,20,34,1,43,0.9714285714285714,0.44155844155844154,0.6071428571428571
3hop_comp_86,0.3,sell,1,200,25,1,52,0.9615384615384616,0.3246753246753247,0.48543689320388356
3hop_comp_86,0.3,sell,2,200,34,1,43,0.9714285714285714,0.44155844155844154,0.6071428571428571
3hop_comp_86,0.3,sell,3,200,34,1,43,0.9714285714285714,0.44155844155844154,0.6071428571428571
3hop_comp_87,0.3,classic_lp,0,0,78,7,1,0.9176470588235294,0.9873417721518988,0.9512195121951219
3hop_comp_87,0.3,sell,1,20,42,0,37,1.0,0.5316455696202531,0.6942148760330578
3hop_comp_87,0.3,sell,2,20,50,1,29,0.9803921568627451,0.6329113924050633,0.7692307692307693
3hop_comp_87,0.3,sell,3,20,47,1,32,0.9791666666666666,0.5949367088607594,0.7401574803149605
3hop_comp_87,0.3,sell,1,200,42,0,37,1.0,0.5316455696202531,0.6942148760330578
3hop_comp_87,0.3,sell,2,200,52,1,27,0.9811320754716981,0.6582278481012658,0.7878787878787878
3hop_comp_87,0.3,sell,3,200,57,1,22,0.9827586206896551,0.7215189873417721,0.8321167883211679
3hop_comp_94,0.3,classic_lp,0,0,35,8,21,0.813953488372093,0.625,0.7070707070707071
3hop_comp_94,0.3,sell,1,20,11,3,45,0.7857142857142857,0.19642857142857142,0.3142857142857143
3hop_comp_94,0.3,sell,2,20,11,3,45,0.7857142857142857,0.19642857142857142,0.3142857142857143
3hop_comp_94,0.3,sell,3,20,11,3,45,0.7857142857142857,0.19642857142857142,0.3142857142857143
3hop_comp_94,0.3,sell,1,200,11,3,45,0.7857142857142857,0.19642857142857142,0.3142857142857143
3hop_comp_94,0.3,sell,2,200,11,3,45,0.7857142857142857,0.19642857142857142,0.3142857142857143
3hop_comp_94,0.3,sell,3,200,11,3,45,0.7857142857142857,0.19642857142857142,0.3142857142857143
3hop_comp_96,0.3,classic_lp,0,0,69,0,0,1.0,1.0,1.0
3hop_comp_96,0.3,sell,1,20,26,0,43,1.0,0.37681159420289856,0.5473684210526316
3hop_comp_96,0.3,sell,2,20,38,0,31,1.0,0.5507246376811594,0.7102803738317757
3hop_comp_96,0.3,sell,3,20,38,0,31,1.0,0.5507246376811594,0.7102803738317757
3hop_comp_96,0.3,sell,1,200,26,0,43,1.0,0.37681159420289856,0.5473684210526316
3hop_comp_96,0.3,sell,2,200,38,0,31,1.0,0.5507246376811594,0.7102803738317757
3hop_comp_96,0.3,sell,3,200,38,0,31,1.0,0.5507246376811594,0.7102803738317757
3hop_comp_100,0.3,classic_lp,0,0,38,22,14,0.6333333333333333,0.7307692307692307,0.6785714285714285
3hop_comp_100,0.3,sell,1,20,12,4,40,0.75,0.23076923076923078,0.3529411764705882
3hop_comp_100,0.3,sell,2,20,15,9,37,0.625,0.28846153846153844,0.3947368421052631
3hop_comp_100,0.3,sell,3,20,15,9,37,0.625,0.28846153846153844,0.3947368421052631
3hop_comp_100,0.3,sell,1,200,12,4,40,0.75,0.23076923076923078,0.3529411764705882
3hop_comp_100,0.3,sell,2,200,15,9,37,0.625,0.28846153846153844,0.3947368421052631
3hop_comp_100,0.3,sell,3,200,15,9,37,0.625,0.28846153846153844,0.3947368421052631
3hop_comp_103,0.3,classic_lp,0,0,51,0,0,1.0,1.0,1.0
3hop_comp_103,0.3,sell,1,20,15,0,36,1.0,0.29411764705882354,0.45454545454545453
3hop_comp_103,0.3,sell,2,20,22,0,29,1.0,0.43137254901960786,0.6027397260273972
3hop_comp_103,0.3,sell,3,20,22,0,29,1.0,0.43137254901960786,0.6027397260273972
3hop_comp_103,0.3,sell,1,200,15,0,36,1.0,0.29411764705882354,0.45454545454545453
3hop_comp_103,0.3,sell,2,200,22,0,29,1.0,0.43137254901960786,0.6027397260273972
3hop_comp_103,0.3,sell,3,200,22,0,29,1.0,0.43137254901960786,0.6027397260273972
3hop_comp_105,0.3,classic_lp,0,0,75,0,0,1.0,1.0,1.0
3hop_comp_105,0.3,sell,1,20,21,0,54,1.0,0.28,0.43750000000000006
3hop_comp_105,0.3,sell,2,20,26,0,49,1.0,0.3466666666666667,0.5148514851485149
3hop_comp_105,0.3,sell,3,20,33,0,42,1.0,0.44,0.6111111111111112
3hop_comp_105,0.3,sell,1,200,21,0,54,1.0,0.28,0.43750000000000006
3hop_comp_105,0.3,sell,2,200,26,0,49,1.0,0.3466666666666667,0.5148514851485149
3hop_comp_105,0.3,sell,3,200,33,0,42,1.0,0.44,0.6111111111111112
3hop_comp_108,0.3,classic_lp,0,0,76,0,0,1.0,1.0,1.0
3hop_comp_108,0.3,sell,1,20,27,0,49,1.0,0.35526315789473684,0.5242718446601942
3hop_comp_108,0.3,sell,2,20,39,0,37,1.0,0.5131578947368421,0.6782608695652175
3hop_comp_108,0.3,sell,3,20,39,0,37,1.0,0.5131578947368421,0.6782608695652175
3hop_comp_108,0.3,sell,1,200,27,0,49,1.0,0.35526315789473684,0.5242718446601942
3hop_comp_108,0.3,sell,2,200,39,0,37,1.0,0.5131578947368421,0.6782608695652175
3hop_comp_108,0.3,sell,3,200,39,0,37,1.0,0.5131578947368421,0.6782608695652175
3hop_comp_109,0.3,classic_lp,0,0,72,6,6,0.9230769230769231,0.9230769230769231,0.9230769230769231
3hop_comp_109,0.3,sell,1,20,32,0,46,1.0,0.41025641025641024,0.5818181818181819
3hop_comp_109,0.3,sell,2,20,43,0,35,1.0,0.5512820512820513,0.7107438016528926
3hop_comp_109,0.3,sell,3,20,48,2,30,0.96,0.6153846153846154,0.7500000000000001
3hop_comp_109,0.3,sell,1,200,32,0,46,1.0,0.41025641025641024,0.5818181818181819
3hop_comp_109,0.3,sell,2,200,43,0,35,1.0,0.5512820512820513,0.7107438016528926
3hop_comp_109,0.3,sell,3,200,48,2,30,0.96,0.6153846153846154,0.7500000000000001
3hop_comp_110,0.3,classic_lp,0,0,55,0,0,1.0,1.0,1.0
3hop_comp_110,0.3,sell,1,20,17,0,38,1.0,0.3090909090909091,0.4722222222222222
3hop_comp_110,0.3,sell,2,20,22,0,33,1.0,0.4,0.5714285714285715
3hop_comp_110,0.3,sell,3,20,22,0,33,1.0,0.4,0.5714285714285715
3hop_comp_110,0.3,sell,1,200,17,0,38,1.0,0.3090909090909091,0.4722222222222222
3hop_comp_110,0.3,sell,2,200,22,0,33,1.0,0.4,0.5714285714285715
3hop_comp_110,0.3,sell,3,200,22,0,33,1.0,0.4,0.5714285714285715
3hop_comp_112,0.3,classic_lp,0,0,30,30,7,0.5,0.8108108108108109,0.6185567010309277
3hop_comp_112,0.3,sell,1,20,16,5,21,0.7619047619047619,0.43243243243243246,0.5517241379310345
3hop_comp_112,0.3,sell,2,20,19,7,18,0.7307692307692307,0.5135135135135135,0.6031746031746031
3hop_comp_112,0.3,sell,3,20,20,10,17,0.6666666666666666,0.5405405405405406,0.5970149253731343
3hop_comp_112,0.3,sell,1,200,16,5,21,0.7619047619047619,0.43243243243243246,0.5517241379310345
3hop_comp_112,0.3,sell,2,200,19,7,18,0.7307692307692307,0.5135135135135135,0.6031746031746031
3hop_comp_112,0.3,sell,3,200,20,10,17,0.6666666666666666,0.5405405405405406,0.5970149253731343
3hop_comp_115,0.3,classic_lp,0,0,69,0,0,1.0,1.0,1.0
3hop_comp_115,0.3,sell,1,20,24,0,45,1.0,0.34782608695652173,0.5161290322580645
3hop_comp_115,0.3,sell,2,20,29,0,40,1.0,0.42028985507246375,0.5918367346938774
3hop_comp_115,0.3,sell,3,20,29,0,40,1.0,0.42028985507246375,0.5918367346938774
3hop_comp_115,0.3,sell,1,200,24,0,45,1.0,0.34782608695652173,0.5161290322580645
3hop_comp_115,0.3,sell,2,200,29,0,40,1.0,0.42028985507246375,0.5918367346938774
3hop_comp_115,0.3,sell,3,200,29,0,40,1.0,0.42028985507246375,0.5918367346938774
3hop_comp_116,0.3,classic_lp,0,0,64,0,0,1.0,1.0,1.0
3hop_comp_116,0.3,sell,1,20,27,0,37,1.0,0.421875,0.5934065934065934
3hop_comp_116,0.3,sell,2,20,32,0,32,1.0,0.5,0.6666666666666666
3hop_comp_116,0.3,sell,3,20,32,0,32,1.0,0.5,0.6666666666666666
3hop_comp_116,0.3,sell,1,200,27,0,37,1.0,0.421875,0.5934065934065934
3hop_comp_116,0.3,sell,2,200,32,0,32,1.0,0.5,0.6666666666666666
3hop_comp_116,0.3,sell,3,200,32,0,32,1.0,0.5,0.6666666666666666
3hop_comp_120,0.3,classic_lp,0,0,76,8,4,0.9047619047619048,0.95,0.9268292682926829
3hop_comp_120,0.3,sell,1,20,18,3,62,0.8571428571428571,0.225,0.3564356435643564
3hop_comp_120,0.3,sell,2,20,29,3,51,0.90625,0.3625,0.5178571428571428
3hop_comp_120,0.3,sell,3,20,37,3,43,0.925,0.4625,0.6166666666666667
3hop_comp_120,0.3,sell,1,200,18,3,62,0.8571428571428571,0.225,0.3564356435643564
3hop_comp_120,0.3,sell,2,200,29,3,51,0.90625,0.3625,0.5178571428571428
3hop_comp_120,0.3,sell,3,200,37,3,43,0.925,0.4625,0.6166666666666667
3hop_comp_121,0.3,classic_lp,0,0,63,9,12,0.875,0.84,0.8571428571428572
3hop_comp_121,0.3,sell,1,20,15,3,60,0.8333333333333334,0.2,0.3225806451612903
3hop_comp_121,0.3,sell,2,20,23,3,52,0.8846153846153846,0.30666666666666664,0.4554455445544554
3hop_comp_121,0.3,sell,3,20,27,3,48,0.9,0.36,0.5142857142857143
3hop_comp_121,0.3,sell,1,200,15,3,60,0.8333333333333334,0.2,0.3225806451612903
3hop_comp_121,0.3,sell,2,200,23,3,52,0.8846153846153846,0.30666666666666664,0.4554455445544554
3hop_comp_121,0.3,sell,3,200,27,3,48,0.9,0.36,0.5142857142857143
3hop_comp_122,0.3,classic_lp,0,0,74,4,4,0.9487179487179487,0.9487179487179487,0.9487179487179487
3hop_comp_122,0.3,sell,1,20,26,2,52,0.9285714285714286,0.3333333333333333,0.4905660377358491
3hop_comp_122,0.3,sell,2,20,36,2,42,0.9473684210526315,0.46153846153846156,0.6206896551724138
3hop_comp_122,0.3,sell,3,20,37,2,41,0.9487179487179487,0.47435897435897434,0.6324786324786326
3hop_comp_122,0.3,sell,1,200,26,2,52,0.9285714285714286,0.3333333333333333,0.4905660377358491
3hop_comp_122,0.3,sell,2,200,36,2,42,0.9473684210526315,0.46153846153846156,0.6206896551724138
3hop_comp_122,0.3,sell,3,200,37,2,41,0.9487179487179487,0.47435897435897434,0.6324786324786326
3hop_comp_123,0.3,classic_lp,0,0,48,0,0,1.0,1.0,1.0
3hop_comp_123,0.3,sell,1,20,15,0,33,1.0,0.3125,0.47619047619047616
3hop_comp_123,0.3,sell,2,20,20,0,28,1.0,0.4166666666666667,0.5882352941176471
3hop_comp_123,0.3,sell,3,20,20,0,28,1.0,0.4166666666666667,0.5882352941176471
3hop_comp_123,0.3,sell,1,200,15,0,33,1.0,0.3125,0.47619047619047616
3hop_comp_123,0.3,sell,2,200,20,0,28,1.0,0.4166666666666667,0.5882352941176471
3hop_comp_123,0.3,sell,3,200,20,0,28,1.0,0.4166666666666667,0.5882352941176471
3hop_comp_130,0.3,classic_lp,0,0,70,0,0,1.0,1.0,1.0
3hop_comp_130,0.3,sell,1,20,18,0,52,1.0,0.2571428571428571,0.40909090909090906
3hop_comp_130,0.3,sell,2,20,25,0,45,1.0,0.35714285714285715,0.5263157894736842
3hop_comp_130,0.3,sell,3,20,29,0,41,1.0,0.4142857142857143,0.5858585858585859
3hop_comp_130,0.3,sell,1,200,18,0,52,1.0,0.2571428571428571,0.40909090909090906
3hop_comp_130,0.3,sell,2,200,25,0,45,1.0,0.35714285714285715,0.5263157894736842
3hop_comp_130,0.3,sell,3,200,29,0,41,1.0,0.4142857142857143,0.5858585858585859
3hop_comp_132,0.3,classic_lp,0,0,65,12,8,0.8441558441558441,0.8904109589041096,0.8666666666666666
3hop_comp_132,0.3,sell,1,20,23,1,50,0.9583333333333334,0.3150684931506849,0.4742268041237113
3hop_comp_132,0.3,sell,2,20,34,3,39,0.918918918918919,0.4657534246575342,0.6181818181818182
3hop_comp_132,0.3,sell,3,20,34,3,39,0.918918918918919,0.4657534246575342,0.6181818181818182
3hop_comp_132,0.3,sell,1,200,23,1,50,0.9583333333333334,0.3150684931506849,0.4742268041237113
3hop_comp_132,0.3,sell,2,200,34,3,39,0.918918918918919,0.4657534246575342,0.6181818181818182
3hop_comp_132,0.3,sell,3,200,34,3,39,0.918918918918919,0.4657534246575342,0.6181818181818182
3hop_comp_137,0.3,classic_lp,0,0,80,1,0,0.9876543209876543,1.0,0.9937888198757764
3hop_comp_137,0.3,sell,1,20,27,0,53,1.0,0.3375,0.5046728971962617
3hop_comp_137,0.3,sell,2,20,36,0,44,1.0,0.45,0.6206896551724138
3hop_comp_137,0.3,sell,3,20,39,0,41,1.0,0.4875,0.6554621848739496
3hop_comp_137,0.3,sell,1,200,27,0,53,1.0,0.3375,0.5046728971962617
3hop_comp_137,0.3,sell,2,200,36,0,44,1.0,0.45,0.6206896551724138
3hop_comp_137,0.3,sell,3,200,39,0,41,1.0,0.4875,0.6554621848739496
3hop_comp_142,0.3,classic_lp,0,0,79,0,0,1.0,1.0,1.0
3hop_comp_142,0.3,sell,1,20,31,0,48,1.0,0.3924050632911392,0.5636363636363637
3hop_comp_142,0.3,sell,2,20,42,0,37,1.0,0.5316455696202531,0.6942148760330578
3hop_comp_142,0.3,sell,3,20,45,0,34,1.0,0.569620253164557,0.7258064516129034
3hop_comp_142,0.3,sell,1,200,31,0,48,1.0,0.3924050632911392,0.5636363636363637
3hop_comp_142,0.3,sell,2,200,42,0,37,1.0,0.5316455696202531,0.6942148760330578
3hop_comp_142,0.3,sell,3,200,45,0,34,1.0,0.569620253164557,0.7258064516129034
3hop_comp_0,0.5,classic_lp,0,0,67,6,6,0.9178082191780822,0.9178082191780822,0.9178082191780822
3hop_comp_0,0.5,sell,1,20,24,1,49,0.96,0.3287671232876712,0.4897959183673469
3hop_comp_0,0.5,sell,2,20,38,1,35,0.9743589743589743,0.5205479452054794,0.6785714285714285
3hop_comp_0,0.5,sell,3,20,40,3,33,0.9302325581395349,0.547945205479452,0.689655172413793
3hop_comp_0,0.5,sell,1,200,24,1,49,0.96,0.3287671232876712,0.4897959183673469
3hop_comp_0,0.5,sell,2,200,38,1,35,0.9743589743589743,0.5205479452054794,0.6785714285714285
3hop_comp_0,0.5,sell,3,200,40,3,33,0.9302325581395349,0.547945205479452,0.689655172413793
3hop_comp_3,0.5,classic_lp,0,0,73,11,2,0.8690476190476191,0.9733333333333334,0.9182389937106918
3hop_comp_3,0.5,sell,1,20,25,1,50,0.9615384615384616,0.3333333333333333,0.495049504950495
3hop_comp_3,0.5,sell,2,20,35,3,40,0.9210526315789473,0.4666666666666667,0.6194690265486725
3hop_comp_3,0.5,sell,3,20,36,5,39,0.8780487804878049,0.48,0.6206896551724138
3hop_comp_3,0.5,sell,1,200,25,1,50,0.9615384615384616,0.3333333333333333,0.495049504950495
3hop_comp_3,0.5,sell,2,200,35,3,40,0.9210526315789473,0.4666666666666667,0.6194690265486725
3hop_comp_3,0.5,sell,3,200,36,5,39,0.8780487804878049,0.48,0.6206896551724138
3hop_comp_9,0.5,classic_lp,0,0,57,13,3,0.8142857142857143,0.95,0.8769230769230769
3hop_comp_9,0.5,sell,1,20,16,3,44,0.8421052631578947,0.26666666666666666,0.4050632911392405
3hop_comp_9,0.5,sell,2,20,27,4,33,0.8709677419354839,0.45,0.5934065934065934
3hop_comp_9,0.5,sell,3,20,28,8,32,0.7777777777777778,0.4666666666666667,0.5833333333333334
3hop_comp_9,0.5,sell,1,200,16,3,44,0.8421052631578947,0.26666666666666666,0.4050632911392405
3hop_comp_9,0.5,sell,2,200,27,4,33,0.8709677419354839,0.45,0.5934065934065934
3hop_comp_9,0.5,sell,3,200,28,8,32,0.7777777777777778,0.4666666666666667,0.5833333333333334
3hop_comp_10,0.5,classic_lp,0,0,65,11,11,0.8552631578947368,0.8552631578947368,0.8552631578947367
3hop_comp_10,0.5,sell,1,20,23,2,53,0.92,0.3026315789473684,0.4554455445544554
3hop_comp_10,0.5,sell,2,20,34,4,42,0.8947368421052632,0.4473684210526316,0.5964912280701755
3hop_comp_10,0.5,sell,3,20,34,4,42,0.8947368421052632,0.4473684210526316,0.5964912280701755
3hop_comp_10,0.5,sell,1,200,23,2,53,0.92,0.3026315789473684,0.4554455445544554
3hop_comp_10,0.5,sell,2,200,34,4,42,0.8947368421052632,0.4473684210526316,0.5964912280701755
3hop_comp_10,0.5,sell,3,200,34,4,42,0.8947368421052632,0.4473684210526316,0.5964912280701755
3hop_comp_13,0.5,classic_lp,0,0,60,9,14,0.8695652173913043,0.8108108108108109,0.8391608391608392
3hop_comp_13,0.5,sell,1,20,26,2,48,0.9285714285714286,0.35135135135135137,0.5098039215686275
3hop_comp_13,0.5,sell,2,20,36,3,38,0.9230769230769231,0.4864864864864865,0.6371681415929203
3hop_comp_13,0.5,sell,3,20,36,3,38,0.9230769230769231,0.4864864864864865,0.6371681415929203
3hop_comp_13,0.5,sell,1,200,26,2,48,0.9285714285714286,0.35135135135135137,0.5098039215686275
3hop_comp_13,0.5,sell,2,200,36,3,38,0.9230769230769231,0.4864864864864865,0.6371681415929203
3hop_comp_13,0.5,sell,3,200,36,3,38,0.9230769230769231,0.4864864864864865,0.6371681415929203
3hop_comp_15,0.5,classic_lp,0,0,51,16,13,0.7611940298507462,0.796875,0.7786259541984732
3hop_comp_15,0.5,sell,1,20,12,3,52,0.8,0.1875,0.3037974683544304
3hop_comp_15,0.5,sell,2,20,16,5,48,0.7619047619047619,0.25,0.3764705882352941
3hop_comp_15,0.5,sell,3,20,18,7,46,0.72,0.28125,0.4044943820224719
3hop_comp_15,0.5,sell,1,200,12,3,52,0.8,0.1875,0.3037974683544304
3hop_comp_15,0.5,sell,2,200,16,5,48,0.7619047619047619,0.25,0.3764705882352941
3hop_comp_15,0.5,sell,3,200,18,7,46,0.72,0.28125,0.4044943820224719
3hop_comp_21,0.5,classic_lp,0,0,79,0,0,1.0,1.0,1.0
3hop_comp_21,0.5,sell,1,20,39,0,40,1.0,0.4936708860759494,0.6610169491525424
3hop_comp_21,0.5,sell,2,20,47,0,32,1.0,0.5949367088607594,0.7460317460317459
3hop_comp_21,0.5,sell,3,20,50,0,29,1.0,0.6329113924050633,0.7751937984496124
3hop_comp_21,0.5,sell,1,200,39,0,40,1.0,0.4936708860759494,0.6610169491525424
3hop_comp_21,0.5,sell,2,200,47,0,32,1.0,0.5949367088607594,0.7460317460317459
3hop_comp_21,0.5,sell,3,200,50,0,29,1.0,0.6329113924050633,0.7751937984496124
3hop_comp_26,0.5,classic_lp,0,0,78,10,2,0.8863636363636364,0.975,0.9285714285714285
3hop_comp_26,0.5,sell,1,20,33,1,47,0.9705882352941176,0.4125,0.5789473684210525
3hop_comp_26,0.5,sell,2,20,39,2,41,0.9512195121951219,0.4875,0.6446280991735537
3hop_comp_26,0.5,sell,3,20,42,2,38,0.9545454545454546,0.525,0.6774193548387099
3hop_comp_26,0.5,sell,1,200,33,1,47,0.9705882352941176,0.4125,0.5789473684210525
3hop_comp_26,0.5,sell,2,200,39,2,41,0.9512195121951219,0.4875,0.6446280991735537
3hop_comp_26,0.5,sell,3,200,42,2,38,0.9545454545454546,0.525,0.6774193548387099
3hop_comp_29,0.5,classic_lp,0,0,75,8,3,0.9036144578313253,0.9615384615384616,0.9316770186335404
3hop_comp_29,0.5,sell,1,20,31,5,47,0.8611111111111112,0.3974358974358974,0.543859649122807
3hop_comp_29,0.5,sell,2,20,37,5,41,0.8809523809523809,0.47435897435897434,0.6166666666666666
3hop_comp_29,0.5,sell,3,20,39,5,39,0.8863636363636364,0.5,0.639344262295082
3hop_comp_29,0.5,sell,1,200,31,5,47,0.8611111111111112,0.3974358974358974,0.543859649122807
3hop_comp_29,0.5,sell,2,200,37,5,41,0.8809523809523809,0.47435897435897434,0.6166666666666666
3hop_comp_29,0.5,sell,3,200,39,5,39,0.8863636363636364,0.5,0.639344262295082
3hop_comp_32,0.5,classic_lp,0,0,78,0,2,1.0,0.975,0.9873417721518987
3hop_comp_32,0.5,sell,1,20,33,0,47,1.0,0.4125,0.5840707964601769
3hop_comp_32,0.5,sell,2,20,47,0,33,1.0,0.5875,0.7401574803149606
3hop_comp_32,0.5,sell,3,20,54,0,26,1.0,0.675,0.8059701492537313
3hop_comp_32,0.5,sell,1,200,33,0,47,1.0,0.4125,0.5840707964601769
3hop_comp_32,0.5,sell,2,200,47,0,33,1.0,0.5875,0.7401574803149606
3hop_comp_32,0.5,sell,3,200,54,0,26,1.0,0.675,0.8059701492537313
3hop_comp_35,0.5,classic_lp,0,0,64,12,13,0.8421052631578947,0.8311688311688312,0.8366013071895425
3hop_comp_35,0.5,sell,1,20,22,3,55,0.88,0.2857142857142857,0.43137254901960775
3hop_comp_35,0.5,sell,2,20,29,3,48,0.90625,0.37662337662337664,0.5321100917431193
3hop_comp_35,0.5,sell,3,20,34,3,43,0.918918918918919,0.44155844155844154,0.5964912280701754
3hop_comp_35,0.5,sell,1,200,22,3,55,0.88,0.2857142857142857,0.43137254901960775
3hop_comp_35,0.5,sell,2,200,29,3,48,0.90625,0.37662337662337664,0.5321100917431193
3hop_comp_35,0.5,sell,3,200,34,3,43,0.918918918918919,0.44155844155844154,0.5964912280701754
3hop_comp_36,0.5,classic_lp,0,0,51,12,20,0.8095238095238095,0.7183098591549296,0.7611940298507462
3hop_comp_36,0.5,sell,1,20,14,4,57,0.7777777777777778,0.19718309859154928,0.3146067415730337
3hop_comp_36,0.5,sell,2,20,25,5,46,0.8333333333333334,0.352112676056338,0.49504950495049505
3hop_comp_36,0.5,sell,3,20,25,5,46,0.8333333333333334,0.352112676056338,0.49504950495049505
3hop_comp_36,0.5,sell,1,200,14,4,57,0.7777777777777778,0.19718309859154928,0.3146067415730337
3hop_comp_36,0.5,sell,2,200,25,5,46,0.8333333333333334,0.352112676056338,0.49504950495049505
3hop_comp_36,0.5,sell,3,200,25,5,46,0.8333333333333334,0.352112676056338,0.49504950495049505
3hop_comp_43,0.5,classic_lp,0,0,43,19,10,0.6935483870967742,0.8113207547169812,0.7478260869565218
3hop_comp_43,0.5,sell,1,20,13,3,40,0.8125,0.24528301886792453,0.37681159420289856
3hop_comp_43,0.5,sell,2,20,23,6,30,0.7931034482758621,0.4339622641509434,0.5609756097560975
3hop_comp_43,0.5,sell,3,20,23,6,30,0.7931034482758621,0.4339622641509434,0.5609756097560975
3hop_comp_43,0.5,sell,1,200,13,3,40,0.8125,0.24528301886792453,0.37681159420289856
3hop_comp_43,0.5,sell,2,200,23,6,30,0.7931034482758621,0.4339622641509434,0.5609756097560975
3hop_comp_43,0.5,sell,3,200,23,6,30,0.7931034482758621,0.4339622641509434,0.5609756097560975
3hop_comp_46,0.5,classic_lp,0,0,56,21,9,0.7272727272727273,0.8615384615384616,0.7887323943661972
3hop_comp_46,0.5,sell,1,20,17,9,48,0.6538461538461539,0.26153846153846155,0.37362637362637363
3hop_comp_46,0.5,sell,2,20,27,9,38,0.75,0.4153846153846154,0.5346534653465346
3hop_comp_46,0.5,sell,3,20,27,9,38,0.75,0.4153846153846154,0.5346534653465346
3hop_comp_46,0.5,sell,1,200,17,9,48,0.6538461538461539,0.26153846153846155,0.37362637362637363
3hop_comp_46,0.5,sell,2,200,27,9,38,0.75,0.4153846153846154,0.5346534653465346
3hop_comp_46,0.5,sell,3,200,27,9,38,0.75,0.4153846153846154,0.5346534653465346
3hop_comp_53,0.5,classic_lp,0,0,75,8,0,0.9036144578313253,1.0,0.9493670886075949
3hop_comp_53,0.5,sell,1,20,21,0,54,1.0,0.28,0.43750000000000006
3hop_comp_53,0.5,sell,2,20,38,1,37,0.9743589743589743,0.5066666666666667,0.6666666666666667
3hop_comp_53,0.5,sell,3,20,43,2,32,0.9555555555555556,0.5733333333333334,0.7166666666666667
3hop_comp_53,0.5,sell,1,200,21,0,54,1.0,0.28,0.43750000000000006
3hop_comp_53,0.5,sell,2,200,38,1,37,0.9743589743589743,0.5066666666666667,0.6666666666666667
3hop_comp_53,0.5,sell,3,200,43,2,32,0.9555555555555556,0.5733333333333334,0.7166666666666667
3hop_comp_59,0.5,classic_lp,0,0,66,0,0,1.0,1.0,1.0
3hop_comp_59,0.5,sell,1,20,15,0,51,1.0,0.22727272727272727,0.37037037037037035
3hop_comp_59,0.5,sell,2,20,22,0,44,1.0,0.3333333333333333,0.5
3hop_comp_59,0.5,sell,3,20,28,0,38,1.0,0.42424242424242425,0.5957446808510638
3hop_comp_59,0.5,sell,1,200,15,0,51,1.0,0.22727272727272727,0.37037037037037035
3hop_comp_59,0.5,sell,2,200,22,0,44,1.0,0.3333333333333333,0.5
3hop_comp_59,0.5,sell,3,200,28,0,38,1.0,0.42424242424242425,0.5957446808510638
3hop_comp_60,0.5,classic_lp,0,0,60,0,4,1.0,0.9375,0.967741935483871
3hop_comp_60,0.5,sell,1,20,29,0,35,1.0,0.453125,0.6236559139784946
3hop_comp_60,0.5,sell,2,20,34,0,30,1.0,0.53125,0.6938775510204082
3hop_comp_60,0.5,sell,3,20,41,0,23,1.0,0.640625,0.780952380952381
3hop_comp_60,0.5,sell,1,200,29,0,35,1.0,0.453125,0.6236559139784946
3hop_comp_60,0.5,sell,2,200,34,0,30,1.0,0.53125,0.6938775510204082
3hop_comp_60,0.5,sell,3,200,41,0,23,1.0,0.640625,0.780952380952381
3hop_comp_64,0.5,classic_lp,0,0,53,14,8,0.7910447761194029,0.8688524590163934,0.828125
3hop_comp_64,0.5,sell,1,20,22,1,39,0.9565217391304348,0.36065573770491804,0.5238095238095238
3hop_comp_64,0.5,sell,2,20,26,5,35,0.8387096774193549,0.4262295081967213,0.5652173913043479
3hop_comp_64,0.5,sell,3,20,26,5,35,0.8387096774193549,0.4262295081967213,0.5652173913043479
3hop_comp_64,0.5,sell,1,200,22,1,39,0.9565217391304348,0.36065573770491804,0.5238095238095238
3hop_comp_64,0.5,sell,2,200,26,5,35,0.8387096774193549,0.4262295081967213,0.5652173913043479
3hop_comp_64,0.5,sell,3,200,26,5,35,0.8387096774193549,0.4262295081967213,0.5652173913043479
3hop_comp_67,0.5,classic_lp,0,0,75,6,0,0.9259259259259259,1.0,0.9615384615384615
3hop_comp_67,0.5,sell,1,20,33,1,42,0.9705882352941176,0.44,0.6055045871559633
3hop_comp_67,0.5,sell,2,20,44,1,31,0.9777777777777777,0.5866666666666667,0.7333333333333334
3hop_comp_67,0.5,sell,3,20,54,1,21,0.9818181818181818,0.72,0.8307692307692308
3hop_comp_67,0.5,sell,1,200,33,1,42,0.9705882352941176,0.44,0.6055045871559633
3hop_comp_67,0.5,sell,2,200,44,1,31,0.9777777777777777,0.5866666666666667,0.7333333333333334
3hop_comp_67,0.5,sell,3,200,54,1,21,0.9818181818181818,0.72,0.8307692307692308
3hop_comp_72,0.5,classic_lp,0,0,63,9,11,0.875,0.8513513513513513,0.863013698630137
3hop_comp_72,0.5,sell,1,20,25,4,49,0.8620689655172413,0.33783783783783783,0.4854368932038835
3hop_comp_72,0.5,sell,2,20,36,5,38,0.8780487804878049,0.4864864864864865,0.6260869565217392
3hop_comp_72,0.5,sell,3,20,38,5,36,0.8837209302325582,0.5135135135135135,0.6495726495726496
3hop_comp_72,0.5,sell,1,200,25,4,49,0.8620689655172413,0.33783783783783783,0.4854368932038835
3hop_comp_72,0.5,sell,2,200,36,5,38,0.8780487804878049,0.4864864864864865,0.6260869565217392
3hop_comp_72,0.5,sell,3,200,38,5,36,0.8837209302325582,0.5135135135135135,0.6495726495726496
3hop_comp_73,0.5,classic_lp,0,0,65,18,7,0.7831325301204819,0.9027777777777778,0.838709677419355
3hop_comp_73,0.5,sell,1,20,31,7,41,0.8157894736842105,0.4305555555555556,0.5636363636363637
3hop_comp_73,0.5,sell,2,20,39,8,33,0.8297872340425532,0.5416666666666666,0.6554621848739495
3hop_comp_73,0.5,sell,3,20,42,9,30,0.8235294117647058,0.5833333333333334,0.6829268292682927
3hop_comp_73,0.5,sell,1,200,31,7,41,0.8157894736842105,0.4305555555555556,0.5636363636363637
3hop_comp_73,0.5,sell,2,200,39,8,33,0.8297872340425532,0.5416666666666666,0.6554621848739495
3hop_comp_73,0.5,sell,3,200,42,9,30,0.8235294117647058,0.5833333333333334,0.6829268292682927
3hop_comp_75,0.5,classic_lp,0,0,61,5,10,0.9242424242424242,0.8591549295774648,0.8905109489051095
3hop_comp_75,0.5,sell,1,20,20,3,51,0.8695652173913043,0.28169014084507044,0.425531914893617
3hop_comp_75,0.5,sell,2,20,22,3,49,0.88,0.30985915492957744,0.45833333333333337
3hop_comp_75,0.5,sell,3,20,22,3,49,0.88,0.30985915492957744,0.45833333333333337
3hop_comp_75,0.5,sell,1,200,20,3,51,0.8695652173913043,0.28169014084507044,0.425531914893617
3hop_comp_75,0.5,sell,2,200,22,3,49,0.88,0.30985915492957744,0.45833333333333337
3hop_comp_75,0.5,sell,3,200,22,3,49,0.88,0.30985915492957744,0.45833333333333337
3hop_comp_77,0.5,classic_lp,0,0,72,0,6,1.0,0.9230769230769231,0.9600000000000001
3hop_comp_77,0.5,sell,1,20,23,0,55,1.0,0.2948717948717949,0.45544554455445546
3hop_comp_77,0.5,sell,2,20,34,0,44,1.0,0.4358974358974359,0.6071428571428571
3hop_comp_77,0.5,sell,3,20,34,0,44,1.0,0.4358974358974359,0.6071428571428571
3hop_comp_77,0.5,sell,1,200,23,0,55,1.0,0.2948717948717949,0.45544554455445546
3hop_comp_77,0.5,sell,2,200,34,0,44,1.0,0.4358974358974359,0.6071428571428571
3hop_comp_77,0.5,sell,3,200,34,0,44,1.0,0.4358974358974359,0.6071428571428571
3hop_comp_81,0.5,classic_lp,0,0,51,6,19,0.8947368421052632,0.7285714285714285,0.8031496062992126
3hop_comp_81,0.5,sell,1,20,18,0,52,1.0,0.2571428571428571,0.40909090909090906
3hop_comp_81,0.5,sell,2,20,28,1,42,0.9655172413793104,0.4,0.5656565656565657
3hop_comp_81,0.5,sell,3,20,28,1,42,0.9655172413793104,0.4,0.5656565656565657
3hop_comp_81,0.5,sell,1,200,18,0,52,1.0,0.2571428571428571,0.40909090909090906
3hop_comp_81,0.5,sell,2,200,28,1,42,0.9655172413793104,0.4,0.5656565656565657
3hop_comp_81,0.5,sell,3,200,28,1,42,0.9655172413793104,0.4,0.5656565656565657
3hop_comp_84,0.5,classic_lp,0,0,67,6,9,0.9178082191780822,0.881578947368421,0.8993288590604027
3hop_comp_84,0.5,sell,1,20,25,1,51,0.9615384615384616,0.32894736842105265,0.4901960784313726
3hop_comp_84,0.5,sell,2,20,34,3,42,0.918918918918919,0.4473684210526316,0.6017699115044248
3hop_comp_84,0.5,sell,3,20,37,3,39,0.925,0.4868421052631579,0.6379310344827587
3hop_comp_84,0.5,sell,1,200,25,1,51,0.9615384615384616,0.32894736842105265,0.4901960784313726
3hop_comp_84,0.5,sell,2,200,34,3,42,0.918918918918919,0.4473684210526316,0.6017699115044248
3hop_comp_84,0.5,sell,3,200,37,3,39,0.925,0.4868421052631579,0.6379310344827587
3hop_comp_85,0.5,classic_lp,0,0,64,20,5,0.7619047619047619,0.927536231884058,0.8366013071895425
3hop_comp_85,0.5,sell,1,20,21,5,48,0.8076923076923077,0.30434782608695654,0.4421052631578948
3hop_comp_85,0.5,sell,2,20,32,8,37,0.8,0.463768115942029,0.5871559633027522
3hop_comp_85,0.5,sell,3,20,34,8,35,0.8095238095238095,0.4927536231884058,0.6126126126126127
3hop_comp_85,0.5,sell,1,200,21,5,48,0.8076923076923077,0.30434782608695654,0.4421052631578948
3hop_comp_85,0.5,sell,2,200,32,8,37,0.8,0.463768115942029,0.5871559633027522
3hop_comp_85,0.5,sell,3,200,34,8,35,0.8095238095238095,0.4927536231884058,0.6126126126126127
3hop_comp_86,0.5,classic_lp,0,0,75,11,2,0.872093023255814,0.974025974025974,0.9202453987730062
3hop_comp_86,0.5,sell,1,20,29,1,48,0.9666666666666667,0.37662337662337664,0.5420560747663552
3hop_comp_86,0.5,sell,2,20,38,5,39,0.8837209302325582,0.4935064935064935,0.6333333333333333
3hop_comp_86,0.5,sell,3,20,44,6,33,0.88,0.5714285714285714,0.6929133858267715
3hop_comp_86,0.5,sell,1,200,29,1,48,0.9666666666666667,0.37662337662337664,0.5420560747663552
3hop_comp_86,0.5,sell,2,200,38,5,39,0.8837209302325582,0.4935064935064935,0.6333333333333333
3hop_comp_86,0.5,sell,3,200,44,6,33,0.88,0.5714285714285714,0.6929133858267715
3hop_comp_87,0.5,classic_lp,0,0,71,4,8,0.9466666666666667,0.8987341772151899,0.9220779220779222
3hop_comp_87,0.5,sell,1,20,39,0,40,1.0,0.4936708860759494,0.6610169491525424
3hop_comp_87,0.5,sell,2,20,43,0,36,1.0,0.5443037974683544,0.7049180327868853
3hop_comp_87,0.5,sell,3,20,43,0,36,1.0,0.5443037974683544,0.7049180327868853
3hop_comp_87,0.5,sell,1,200,39,0,40,1.0,0.4936708860759494,0.6610169491525424
3hop_comp_87,0.5,sell,2,200,43,0,36,1.0,0.5443037974683544,0.7049180327868853
3hop_comp_87,0.5,sell,3,200,43,0,36,1.0,0.5443037974683544,0.7049180327868853
3hop_comp_94,0.5,classic_lp,0,0,31,22,25,0.5849056603773585,0.5535714285714286,0.5688073394495413
3hop_comp_94,0.5,sell,1,20,11,6,45,0.6470588235294118,0.19642857142857142,0.3013698630136986
3hop_comp_94,0.5,sell,2,20,13,10,43,0.5652173913043478,0.23214285714285715,0.3291139240506329
3hop_comp_94,0.5,sell,3,20,13,10,43,0.5652173913043478,0.23214285714285715,0.3291139240506329
3hop_comp_94,0.5,sell,1,200,11,6,45,0.6470588235294118,0.19642857142857142,0.3013698630136986
3hop_comp_94,0.5,sell,2,200,13,10,43,0.5652173913043478,0.23214285714285715,0.3291139240506329
3hop_comp_94,0.5,sell,3,200,13,10,43,0.5652173913043478,0.23214285714285715,0.3291139240506329
3hop_comp_96,0.5,classic_lp,0,0,52,8,17,0.8666666666666667,0.7536231884057971,0.8062015503875969
3hop_comp_96,0.5,sell,1,20,23,1,46,0.9583333333333334,0.3333333333333333,0.49462365591397844
3hop_comp_96,0.5,sell,2,20,35,3,34,0.9210526315789473,0.5072463768115942,0.6542056074766355
3hop_comp_96,0.5,sell,3,20,35,3,34,0.9210526315789473,0.5072463768115942,0.6542056074766355
3hop_comp_96,0.5,sell,1,200,23,1,46,0.9583333333333334,0.3333333333333333,0.49462365591397844
3hop_comp_96,0.5,sell,2,200,35,3,34,0.9210526315789473,0.5072463768115942,0.6542056074766355
3hop_comp_96,0.5,sell,3,200,35,3,34,0.9210526315789473,0.5072463768115942,0.6542056074766355
3hop_comp_100,0.5,classic_lp,0,0,52,0,0,1.0,1.0,1.0
3hop_comp_100,0.5,sell,1,20,16,0,36,1.0,0.3076923076923077,0.47058823529411764
3hop_comp_100,0.5,sell,2,20,21,0,31,1.0,0.40384615384615385,0.5753424657534247
3hop_comp_100,0.5,sell,3,20,21,0,31,1.0,0.40384615384615385,0.5753424657534247
3hop_comp_100,0.5,sell,1,200,16,0,36,1.0,0.3076923076923077,0.47058823529411764
3hop_comp_100,0.5,sell,2,200,21,0,31,1.0,0.40384615384615385,0.5753424657534247
3hop_comp_100,0.5,sell,3,200,21,0,31,1.0,0.40384615384615385,0.5753424657534247
3hop_comp_103,0.5,classic_lp,0,0,51,0,0,1.0,1.0,1.0
3hop_comp_103,0.5,sell,1,20,15,0,36,1.0,0.29411764705882354,0.45454545454545453
3hop_comp_103,0.5,sell,2,20,22,0,29,1.0,0.43137254901960786,0.6027397260273972
3hop_comp_103,0.5,sell,3,20,22,0,29,1.0,0.43137254901960786,0.6027397260273972
3hop_comp_103,0.5,sell,1,200,15,0,36,1.0,0.29411764705882354,0.45454545454545453
3hop_comp_103,0.5,sell,2,200,22,0,29,1.0,0.43137254901960786,0.6027397260273972
3hop_comp_103,0.5,sell,3,200,22,0,29,1.0,0.43137254901960786,0.6027397260273972
3hop_comp_105,0.5,classic_lp,0,0,75,6,0,0.9259259259259259,1.0,0.9615384615384615
3hop_comp_105,0.5,sell,1,20,24,0,51,1.0,0.32,0.48484848484848486
3hop_comp_105,0.5,sell,2,20,34,0,41,1.0,0.4533333333333333,0.6238532110091742
3hop_comp_105,0.5,sell,3,20,38,2,37,0.95,0.5066666666666667,0.6608695652173914
3hop_comp_105,0.5,sell,1,200,24,0,51,1.0,0.32,0.48484848484848486
3hop_comp_105,0.5,sell,2,200,34,0,41,1.0,0.4533333333333333,0.6238532110091742
3hop_comp_105,0.5,sell,3,200,38,2,37,0.95,0.5066666666666667,0.6608695652173914
3hop_comp_108,0.5,classic_lp,0,0,76,6,0,0.926829268292683,1.0,0.9620253164556963
3hop_comp_108,0.5,sell,1,20,27,1,49,0.9642857142857143,0.35526315789473684,0.5192307692307693
3hop_comp_108,0.5,sell,2,20,39,3,37,0.9285714285714286,0.5131578947368421,0.6610169491525424
3hop_comp_108,0.5,sell,3,20,40,3,36,0.9302325581395349,0.5263157894736842,0.6722689075630252
3hop_comp_108,0.5,sell,1,200,27,1,49,0.9642857142857143,0.35526315789473684,0.5192307692307693
3hop_comp_108,0.5,sell,2,200,39,3,37,0.9285714285714286,0.5131578947368421,0.6610169491525424
3hop_comp_108,0.5,sell,3,200,40,3,36,0.9302325581395349,0.5263157894736842,0.6722689075630252
3hop_comp_109,0.5,classic_lp,0,0,66,9,12,0.88,0.8461538461538461,0.8627450980392156
3hop_comp_109,0.5,sell,1,20,28,2,50,0.9333333333333333,0.358974358974359,0.5185185185185185
3hop_comp_109,0.5,sell,2,20,35,3,43,0.9210526315789473,0.44871794871794873,0.603448275862069
3hop_comp_109,0.5,sell,3,20,35,3,43,0.9210526315789473,0.44871794871794873,0.603448275862069
3hop_comp_109,0.5,sell,1,200,28,2,50,0.9333333333333333,0.358974358974359,0.5185185185185185
3hop_comp_109,0.5,sell,2,200,35,3,43,0.9210526315789473,0.44871794871794873,0.603448275862069
3hop_comp_109,0.5,sell,3,200,35,3,43,0.9210526315789473,0.44871794871794873,0.603448275862069
3hop_comp_110,0.5,classic_lp,0,0,47,13,8,0.7833333333333333,0.8545454545454545,0.817391304347826
3hop_comp_110,0.5,sell,1,20,15,2,40,0.8823529411764706,0.2727272727272727,0.41666666666666663
3hop_comp_110,0.5,sell,2,20,24,3,31,0.8888888888888888,0.43636363636363634,0.5853658536585366
3hop_comp_110,0.5,sell,3,20,25,3,30,0.8928571428571429,0.45454545454545453,0.6024096385542169
3hop_comp_110,0.5,sell,1,200,15,2,40,0.8823529411764706,0.2727272727272727,0.41666666666666663
3hop_comp_110,0.5,sell,2,200,24,3,31,0.8888888888888888,0.43636363636363634,0.5853658536585366
3hop_comp_110,0.5,sell,3,200,25,3,30,0.8928571428571429,0.45454545454545453,0.6024096385542169
3hop_comp_112,0.5,classic_lp,0,0,28,40,9,0.4117647058823529,0.7567567567567568,0.5333333333333332
3hop_comp_112,0.5,sell,1,20,15,12,22,0.5555555555555556,0.40540540540540543,0.46875
3hop_comp_112,0.5,sell,2,20,17,16,20,0.5151515151515151,0.4594594594594595,0.48571428571428577
3hop_comp_112,0.5,sell,3,20,17,17,20,0.5,0.4594594594594595,0.47887323943661975
3hop_comp_112,0.5,sell,1,200,15,12,22,0.5555555555555556,0.40540540540540543,0.46875
3hop_comp_112,0.5,sell,2,200,17,16,20,0.5151515151515151,0.4594594594594595,0.48571428571428577
3hop_comp_112,0.5,sell,3,200,17,17,20,0.5,0.4594594594594595,0.47887323943661975
3hop_comp_115,0.5,classic_lp,0,0,57,9,12,0.8636363636363636,0.8260869565217391,0.8444444444444444
3hop_comp_115,0.5,sell,1,20,22,3,47,0.88,0.3188405797101449,0.4680851063829787
3hop_comp_115,0.5,sell,2,20,29,4,40,0.8787878787878788,0.42028985507246375,0.5686274509803921
3hop_comp_115,0.5,sell,3,20,29,4,40,0.8787878787878788,0.42028985507246375,0.5686274509803921
3hop_comp_115,0.5,sell,1,200,22,3,47,0.88,0.3188405797101449,0.4680851063829787
3hop_comp_115,0.5,sell,2,200,29,4,40,0.8787878787878788,0.42028985507246375,0.5686274509803921
3hop_comp_115,0.5,sell,3,200,29,4,40,0.8787878787878788,0.42028985507246375,0.5686274509803921
3hop_comp_116,0.5,classic_lp,0,0,55,16,9,0.7746478873239436,0.859375,0.8148148148148148
3hop_comp_116,0.5,sell,1,20,23,2,41,0.92,0.359375,0.5168539325842697
3hop_comp_116,0.5,sell,2,20,31,5,33,0.8611111111111112,0.484375,0.62
3hop_comp_116,0.5,sell,3,20,31,5,33,0.8611111111111112,0.484375,0.62
3hop_comp_116,0.5,sell,1,200,23,2,41,0.92,0.359375,0.5168539325842697
3hop_comp_116,0.5,sell,2,200,31,5,33,0.8611111111111112,0.484375,0.62
3hop_comp_116,0.5,sell,3,200,31,5,33,0.8611111111111112,0.484375,0.62
3hop_comp_120,0.5,classic_lp,0,0,66,5,14,0.9295774647887324,0.825,0.8741721854304636
3hop_comp_120,0.5,sell,1,20,24,2,56,0.9230769230769231,0.3,0.4528301886792453
3hop_comp_120,0.5,sell,2,20,28,2,52,0.9333333333333333,0.35,0.5090909090909091
3hop_comp_120,0.5,sell,3,20,28,2,52,0.9333333333333333,0.35,0.5090909090909091
3hop_comp_120,0.5,sell,1,200,24,2,56,0.9230769230769231,0.3,0.4528301886792453
3hop_comp_120,0.5,sell,2,200,28,2,52,0.9333333333333333,0.35,0.5090909090909091
3hop_comp_120,0.5,sell,3,200,28,2,52,0.9333333333333333,0.35,0.5090909090909091
3hop_comp_121,0.5,classic_lp,0,0,53,7,22,0.8833333333333333,0.7066666666666667,0.7851851851851853
3hop_comp_121,0.5,sell,1,20,15,1,60,0.9375,0.2,0.32967032967032966
3hop_comp_121,0.5,sell,2,20,20,1,55,0.9523809523809523,0.26666666666666666,0.4166666666666667
3hop_comp_121,0.5,sell,3,20,20,1,55,0.9523809523809523,0.26666666666666666,0.4166666666666667
3hop_comp_121,0.5,sell,1,200,15,1,60,0.9375,0.2,0.32967032967032966
3hop_comp_121,0.5,sell,2,200,20,1,55,0.9523809523809523,0.26666666666666666,0.4166666666666667
3hop_comp_121,0.5,sell,3,200,20,1,55,0.9523809523809523,0.26666666666666666,0.4166666666666667
3hop_comp_122,0.5,classic_lp,0,0,69,12,9,0.8518518518518519,0.8846153846153846,0.8679245283018868
3hop_comp_122,0.5,sell,1,20,23,4,55,0.8518518518518519,0.2948717948717949,0.4380952380952381
3hop_comp_122,0.5,sell,2,20,30,6,48,0.8333333333333334,0.38461538461538464,0.5263157894736842
3hop_comp_122,0.5,sell,3,20,36,7,42,0.8372093023255814,0.46153846153846156,0.5950413223140496
3hop_comp_122,0.5,sell,1,200,23,4,55,0.8518518518518519,0.2948717948717949,0.4380952380952381
3hop_comp_122,0.5,sell,2,200,30,6,48,0.8333333333333334,0.38461538461538464,0.5263157894736842
3hop_comp_122,0.5,sell,3,200,36,7,42,0.8372093023255814,0.46153846153846156,0.5950413223140496
3hop_comp_123,0.5,classic_lp,0,0,48,0,0,1.0,1.0,1.0
3hop_comp_123,0.5,sell,1,20,15,0,33,1.0,0.3125,0.47619047619047616
3hop_comp_123,0.5,sell,2,20,20,0,28,1.0,0.4166666666666667,0.5882352941176471
3hop_comp_123,0.5,sell,3,20,20,0,28,1.0,0.4166666666666667,0.5882352941176471
3hop_comp_123,0.5,sell,1,200,15,0,33,1.0,0.3125,0.47619047619047616
3hop_comp_123,0.5,sell,2,200,20,0,28,1.0,0.4166666666666667,0.5882352941176471
3hop_comp_123,0.5,sell,3,200,20,0,28,1.0,0.4166666666666667,0.5882352941176471
3hop_comp_130,0.5,classic_lp,0,0,70,0,0,1.0,1.0,1.0
3hop_comp_130,0.5,sell,1,20,18,0,52,1.0,0.2571428571428571,0.40909090909090906
3hop_comp_130,0.5,sell,2,20,25,0,45,1.0,0.35714285714285715,0.5263157894736842
3hop_comp_130,0.5,sell,3,20,29,0,41,1.0,0.4142857142857143,0.5858585858585859
3hop_comp_130,0.5,sell,1,200,18,0,52,1.0,0.2571428571428571,0.40909090909090906
3hop_comp_130,0.5,sell,2,200,25,0,45,1.0,0.35714285714285715,0.5263157894736842
3hop_comp_130,0.5,sell,3,200,29,0,41,1.0,0.4142857142857143,0.5858585858585859
3hop_comp_132,0.5,classic_lp,0,0,71,20,2,0.7802197802197802,0.9726027397260274,0.8658536585365854
3hop_comp_132,0.5,sell,1,20,21,2,52,0.9130434782608695,0.2876712328767123,0.4375
3hop_comp_132,0.5,sell,2,20,40,5,33,0.8888888888888888,0.547945205479452,0.6779661016949152
3hop_comp_132,0.5,sell,3,20,46,9,27,0.8363636363636363,0.6301369863013698,0.71875
3hop_comp_132,0.5,sell,1,200,21,2,52,0.9130434782608695,0.2876712328767123,0.4375
3hop_comp_132,0.5,sell,2,200,40,5,33,0.8888888888888888,0.547945205479452,0.6779661016949152
3hop_comp_132,0.5,sell,3,200,46,9,27,0.8363636363636363,0.6301369863013698,0.71875
3hop_comp_137,0.5,classic_lp,0,0,75,10,5,0.8823529411764706,0.9375,0.9090909090909091
3hop_comp_137,0.5,sell,1,20,26,0,54,1.0,0.325,0.4905660377358491
3hop_comp_137,0.5,sell,2,20,39,1,41,0.975,0.4875,0.65
3hop_comp_137,0.5,sell,3,20,44,3,36,0.9361702127659575,0.55,0.6929133858267718
3hop_comp_137,0.5,sell,1,200,26,0,54,1.0,0.325,0.4905660377358491
3hop_comp_137,0.5,sell,2,200,39,1,41,0.975,0.4875,0.65
3hop_comp_137,0.5,sell,3,200,44,3,36,0.9361702127659575,0.55,0.6929133858267718
3hop_comp_142,0.5,classic_lp,0,0,71,11,8,0.8658536585365854,0.8987341772151899,0.8819875776397516
3hop_comp_142,0.5,sell,1,20,30,1,49,0.967741935483871,0.379746835443038,0.5454545454545455
3hop_comp_142,0.5,sell,2,20,35,4,44,0.8974358974358975,0.4430379746835443,0.5932203389830508
3hop_comp_142,0.5,sell,3,20,42,4,37,0.9130434782608695,0.5316455696202531,0.672
3hop_comp_142,0.5,sell,1,200,30,1,49,0.967741935483871,0.379746835443038,0.5454545454545455
3hop_comp_142,0.5,sell,2,200,35,4,44,0.8974358974358975,0.4430379746835443,0.5932203389830508
3hop_comp_142,0.5,sell,3,200,42,4,37,0.9130434782608695,0.5316455696202531,0.672
3hop_comp_0,0.7,classic_lp,0,0,70,15,3,0.8235294117647058,0.958904109589041,0.8860759493670886
3hop_comp_0,0.7,sell,1,20,20,2,53,0.9090909090909091,0.273972602739726,0.42105263157894735
3hop_comp_0,0.7,sell,2,20,35,3,38,0.9210526315789473,0.4794520547945205,0.6306306306306306
3hop_comp_0,0.7,sell,3,20,42,5,31,0.8936170212765957,0.5753424657534246,0.7000000000000001
3hop_comp_0,0.7,sell,1,200,20,2,53,0.9090909090909091,0.273972602739726,0.42105263157894735
3hop_comp_0,0.7,sell,2,200,35,3,38,0.9210526315789473,0.4794520547945205,0.6306306306306306
3hop_comp_0,0.7,sell,3,200,42,5,31,0.8936170212765957,0.5753424657534246,0.7000000000000001
3hop_comp_3,0.7,classic_lp,0,0,57,4,18,0.9344262295081968,0.76,0.838235294117647
3hop_comp_3,0.7,sell,1,20,19,1,56,0.95,0.25333333333333335,0.39999999999999997
3hop_comp_3,0.7,sell,2,20,19,1,56,0.95,0.25333333333333335,0.39999999999999997
3hop_comp_3,0.7,sell,3,20,19,1,56,0.95,0.25333333333333335,0.39999999999999997
3hop_comp_3,0.7,sell,1,200,19,1,56,0.95,0.25333333333333335,0.39999999999999997
3hop_comp_3,0.7,sell,2,200,19,1,56,0.95,0.25333333333333335,0.39999999999999997
3hop_comp_3,0.7,sell,3,200,19,1,56,0.95,0.25333333333333335,0.39999999999999997
3hop_comp_9,0.7,classic_lp,0,0,43,19,17,0.6935483870967742,0.7166666666666667,0.7049180327868854
3hop_comp_9,0.7,sell,1,20,14,2,46,0.875,0.23333333333333334,0.3684210526315789
3hop_comp_9,0.7,sell,2,20,22,5,38,0.8148148148148148,0.36666666666666664,0.5057471264367815
3hop_comp_9,0.7,sell,3,20,22,5,38,0.8148148148148148,0.36666666666666664,0.5057471264367815
3hop_comp_9,0.7,sell,1,200,14,2,46,0.875,0.23333333333333334,0.3684210526315789
3hop_comp_9,0.7,sell,2,200,22,5,38,0.8148148148148148,0.36666666666666664,0.5057471264367815
3hop_comp_9,0.7,sell,3,200,22,5,38,0.8148148148148148,0.36666666666666664,0.5057471264367815
3hop_comp_10,0.7,classic_lp,0,0,63,14,13,0.8181818181818182,0.8289473684210527,0.8235294117647058
3hop_comp_10,0.7,sell,1,20,19,4,57,0.8260869565217391,0.25,0.3838383838383838
3hop_comp_10,0.7,sell,2,20,31,7,45,0.8157894736842105,0.40789473684210525,0.5438596491228069
3hop_comp_10,0.7,sell,3,20,31,7,45,0.8157894736842105,0.40789473684210525,0.5438596491228069
3hop_comp_10,0.7,sell,1,200,19,4,57,0.8260869565217391,0.25,0.3838383838383838
3hop_comp_10,0.7,sell,2,200,31,7,45,0.8157894736842105,0.40789473684210525,0.5438596491228069
3hop_comp_10,0.7,sell,3,200,31,7,45,0.8157894736842105,0.40789473684210525,0.5438596491228069
3hop_comp_13,0.7,classic_lp,0,0,72,13,2,0.8470588235294118,0.972972972972973,0.9056603773584906
3hop_comp_13,0.7,sell,1,20,18,3,56,0.8571428571428571,0.24324324324324326,0.37894736842105264
3hop_comp_13,0.7,sell,2,20,32,5,42,0.8648648648648649,0.43243243243243246,0.5765765765765767
3hop_comp_13,0.7,sell,3,20,41,5,33,0.8913043478260869,0.5540540540540541,0.6833333333333333
3hop_comp_13,0.7,sell,1,200,18,3,56,0.8571428571428571,0.24324324324324326,0.37894736842105264
3hop_comp_13,0.7,sell,2,200,32,5,42,0.8648648648648649,0.43243243243243246,0.5765765765765767
3hop_comp_13,0.7,sell,3,200,41,5,33,0.8913043478260869,0.5540540540540541,0.6833333333333333
3hop_comp_15,0.7,classic_lp,0,0,57,12,7,0.8260869565217391,0.890625,0.8571428571428571
3hop_comp_15,0.7,sell,1,20,15,2,49,0.8823529411764706,0.234375,0.37037037037037035
3hop_comp_15,0.7,sell,2,20,19,4,45,0.8260869565217391,0.296875,0.43678160919540227
3hop_comp_15,0.7,sell,3,20,22,5,42,0.8148148148148148,0.34375,0.4835164835164834
3hop_comp_15,0.7,sell,1,200,15,2,49,0.8823529411764706,0.234375,0.37037037037037035
3hop_comp_15,0.7,sell,2,200,19,4,45,0.8260869565217391,0.296875,0.43678160919540227
3hop_comp_15,0.7,sell,3,200,22,5,42,0.8148148148148148,0.34375,0.4835164835164834
3hop_comp_21,0.7,classic_lp,0,0,71,8,8,0.8987341772151899,0.8987341772151899,0.8987341772151899
3hop_comp_21,0.7,sell,1,20,29,2,50,0.9354838709677419,0.3670886075949367,0.5272727272727272
3hop_comp_21,0.7,sell,2,20,34,2,45,0.9444444444444444,0.43037974683544306,0.5913043478260869
3hop_comp_21,0.7,sell,3,20,38,2,41,0.95,0.4810126582278481,0.6386554621848739
3hop_comp_21,0.7,sell,1,200,29,2,50,0.9354838709677419,0.3670886075949367,0.5272727272727272
3hop_comp_21,0.7,sell,2,200,34,2,45,0.9444444444444444,0.43037974683544306,0.5913043478260869
3hop_comp_21,0.7,sell,3,200,38,2,41,0.95,0.4810126582278481,0.6386554621848739
3hop_comp_26,0.7,classic_lp,0,0,75,8,5,0.9036144578313253,0.9375,0.920245398773006
3hop_comp_26,0.7,sell,1,20,33,1,47,0.9705882352941176,0.4125,0.5789473684210525
3hop_comp_26,0.7,sell,2,20,36,2,44,0.9473684210526315,0.45,0.6101694915254237
3hop_comp_26,0.7,sell,3,20,41,2,39,0.9534883720930233,0.5125,0.6666666666666665
3hop_comp_26,0.7,sell,1,200,33,1,47,0.9705882352941176,0.4125,0.5789473684210525
3hop_comp_26,0.7,sell,2,200,36,2,44,0.9473684210526315,0.45,0.6101694915254237
3hop_comp_26,0.7,sell,3,200,41,2,39,0.9534883720930233,0.5125,0.6666666666666665
3hop_comp_29,0.7,classic_lp,0,0,63,3,15,0.9545454545454546,0.8076923076923077,0.875
3hop_comp_29,0.7,sell,1,20,34,0,44,1.0,0.4358974358974359,0.6071428571428571
3hop_comp_29,0.7,sell,2,20,42,0,36,1.0,0.5384615384615384,0.7000000000000001
3hop_comp_29,0.7,sell,3,20,42,0,36,1.0,0.5384615384615384,0.7000000000000001
3hop_comp_29,0.7,sell,1,200,34,0,44,1.0,0.4358974358974359,0.6071428571428571
3hop_comp_29,0.7,sell,2,200,42,0,36,1.0,0.5384615384615384,0.7000000000000001
3hop_comp_29,0.7,sell,3,200,42,0,36,1.0,0.5384615384615384,0.7000000000000001
3hop_comp_32,0.7,classic_lp,0,0,74,10,6,0.8809523809523809,0.925,0.9024390243902439
3hop_comp_32,0.7,sell,1,20,31,2,49,0.9393939393939394,0.3875,0.5486725663716815
3hop_comp_32,0.7,sell,2,20,38,2,42,0.95,0.475,0.6333333333333334
3hop_comp_32,0.7,sell,3,20,41,2,39,0.9534883720930233,0.5125,0.6666666666666665
3hop_comp_32,0.7,sell,1,200,31,2,49,0.9393939393939394,0.3875,0.5486725663716815
3hop_comp_32,0.7,sell,2,200,38,2,42,0.95,0.475,0.6333333333333334
3hop_comp_32,0.7,sell,3,200,41,2,39,0.9534883720930233,0.5125,0.6666666666666665
3hop_comp_35,0.7,classic_lp,0,0,74,9,3,0.891566265060241,0.961038961038961,0.9249999999999999
3hop_comp_35,0.7,sell,1,20,23,2,54,0.92,0.2987012987012987,0.4509803921568628
3hop_comp_35,0.7,sell,2,20,38,4,39,0.9047619047619048,0.4935064935064935,0.6386554621848739
3hop_comp_35,0.7,sell,3,20,39,4,38,0.9069767441860465,0.5064935064935064,0.6499999999999999
3hop_comp_35,0.7,sell,1,200,23,2,54,0.92,0.2987012987012987,0.4509803921568628
3hop_comp_35,0.7,sell,2,200,38,4,39,0.9047619047619048,0.4935064935064935,0.6386554621848739
3hop_comp_35,0.7,sell,3,200,39,4,38,0.9069767441860465,0.5064935064935064,0.6499999999999999
3hop_comp_36,0.7,classic_lp,0,0,56,14,15,0.8,0.7887323943661971,0.7943262411347518
3hop_comp_36,0.7,sell,1,20,15,3,56,0.8333333333333334,0.2112676056338028,0.33707865168539325
3hop_comp_36,0.7,sell,2,20,22,5,49,0.8148148148148148,0.30985915492957744,0.4489795918367347
3hop_comp_36,0.7,sell,3,20,22,5,49,0.8148148148148148,0.30985915492957744,0.4489795918367347
3hop_comp_36,0.7,sell,1,200,15,3,56,0.8333333333333334,0.2112676056338028,0.33707865168539325
3hop_comp_36,0.7,sell,2,200,22,5,49,0.8148148148148148,0.30985915492957744,0.4489795918367347
3hop_comp_36,0.7,sell,3,200,22,5,49,0.8148148148148148,0.30985915492957744,0.4489795918367347
3hop_comp_43,0.7,classic_lp,0,0,43,26,10,0.6231884057971014,0.8113207547169812,0.7049180327868851
3hop_comp_43,0.7,sell,1,20,12,5,41,0.7058823529411765,0.22641509433962265,0.34285714285714286
3hop_comp_43,0.7,sell,2,20,20,6,33,0.7692307692307693,0.37735849056603776,0.5063291139240507
3hop_comp_43,0.7,sell,3,20,20,6,33,0.7692307692307693,0.37735849056603776,0.5063291139240507
3hop_comp_43,0.7,sell,1,200,12,5,41,0.7058823529411765,0.22641509433962265,0.34285714285714286
3hop_comp_43,0.7,sell,2,200,20,6,33,0.7692307692307693,0.37735849056603776,0.5063291139240507
3hop_comp_43,0.7,sell,3,200,20,6,33,0.7692307692307693,0.37735849056603776,0.5063291139240507
3hop_comp_46,0.7,classic_lp,0,0,53,18,12,0.7464788732394366,0.8153846153846154,0.7794117647058824
3hop_comp_46,0.7,sell,1,20,18,3,47,0.8571428571428571,0.27692307692307694,0.41860465116279066
3hop_comp_46,0.7,sell,2,20,25,6,40,0.8064516129032258,0.38461538461538464,0.5208333333333334
3hop_comp_46,0.7,sell,3,20,28,7,37,0.8,0.4307692307692308,0.56
3hop_comp_46,0.7,sell,1,200,18,3,47,0.8571428571428571,0.27692307692307694,0.41860465116279066
3hop_comp_46,0.7,sell,2,200,25,6,40,0.8064516129032258,0.38461538461538464,0.5208333333333334
3hop_comp_46,0.7,sell,3,200,28,7,37,0.8,0.4307692307692308,0.56
3hop_comp_53,0.7,classic_lp,0,0,54,5,21,0.9152542372881356,0.72,0.8059701492537312
3hop_comp_53,0.7,sell,1,20,20,0,55,1.0,0.26666666666666666,0.4210526315789474
3hop_comp_53,0.7,sell,2,20,30,0,45,1.0,0.4,0.5714285714285715
3hop_comp_53,0.7,sell,3,20,30,0,45,1.0,0.4,0.5714285714285715
3hop_comp_53,0.7,sell,1,200,20,0,55,1.0,0.26666666666666666,0.4210526315789474
3hop_comp_53,0.7,sell,2,200,30,0,45,1.0,0.4,0.5714285714285715
3hop_comp_53,0.7,sell,3,200,30,0,45,1.0,0.4,0.5714285714285715
3hop_comp_59,0.7,classic_lp,0,0,35,7,31,0.8333333333333334,0.5303030303030303,0.6481481481481481
3hop_comp_59,0.7,sell,1,20,12,4,54,0.75,0.18181818181818182,0.2926829268292683
3hop_comp_59,0.7,sell,2,20,16,5,50,0.7619047619047619,0.24242424242424243,0.367816091954023
3hop_comp_59,0.7,sell,3,20,16,5,50,0.7619047619047619,0.24242424242424243,0.367816091954023
3hop_comp_59,0.7,sell,1,200,12,4,54,0.75,0.18181818181818182,0.2926829268292683
3hop_comp_59,0.7,sell,2,200,16,5,50,0.7619047619047619,0.24242424242424243,0.367816091954023
3hop_comp_59,0.7,sell,3,200,16,5,50,0.7619047619047619,0.24242424242424243,0.367816091954023
3hop_comp_60,0.7,classic_lp,0,0,64,0,0,1.0,1.0,1.0
3hop_comp_60,0.7,sell,1,20,30,0,34,1.0,0.46875,0.6382978723404256
3hop_comp_60,0.7,sell,2,20,36,0,28,1.0,0.5625,0.72
3hop_comp_60,0.7,sell,3,20,43,0,21,1.0,0.671875,0.8037383177570093
3hop_comp_60,0.7,sell,1,200,30,0,34,1.0,0.46875,0.6382978723404256
3hop_comp_60,0.7,sell,2,200,36,0,28,1.0,0.5625,0.72
3hop_comp_60,0.7,sell,3,200,43,0,21,1.0,0.671875,0.8037383177570093
3hop_comp_64,0.7,classic_lp,0,0,55,25,6,0.6875,0.9016393442622951,0.7801418439716312
3hop_comp_64,0.7,sell,1,20,22,5,39,0.8148148148148148,0.36065573770491804,0.5
3hop_comp_64,0.7,sell,2,20,35,6,26,0.8536585365853658,0.5737704918032787,0.6862745098039217
3hop_comp_64,0.7,sell,3,20,40,9,21,0.8163265306122449,0.6557377049180327,0.7272727272727273
3hop_comp_64,0.7,sell,1,200,22,5,39,0.8148148148148148,0.36065573770491804,0.5
3hop_comp_64,0.7,sell,2,200,35,6,26,0.8536585365853658,0.5737704918032787,0.6862745098039217
3hop_comp_64,0.7,sell,3,200,40,9,21,0.8163265306122449,0.6557377049180327,0.7272727272727273
3hop_comp_67,0.7,classic_lp,0,0,70,13,5,0.8433734939759037,0.9333333333333333,0.8860759493670886
3hop_comp_67,0.7,sell,1,20,33,5,42,0.868421052631579,0.44,0.5840707964601771
3hop_comp_67,0.7,sell,2,20,43,6,32,0.8775510204081632,0.5733333333333334,0.6935483870967741
3hop_comp_67,0.7,sell,3,20,43,6,32,0.8775510204081632,0.5733333333333334,0.6935483870967741
3hop_comp_67,0.7,sell,1,200,33,5,42,0.868421052631579,0.44,0.5840707964601771
3hop_comp_67,0.7,sell,2,200,43,6,32,0.8775510204081632,0.5733333333333334,0.6935483870967741
3hop_comp_67,0.7,sell,3,200,43,6,32,0.8775510204081632,0.5733333333333334,0.6935483870967741
3hop_comp_72,0.7,classic_lp,0,0,63,4,11,0.9402985074626866,0.8513513513513513,0.8936170212765957
3hop_comp_72,0.7,sell,1,20,28,1,46,0.9655172413793104,0.3783783783783784,0.5436893203883495
3hop_comp_72,0.7,sell,2,20,28,1,46,0.9655172413793104,0.3783783783783784,0.5436893203883495
3hop_comp_72,0.7,sell,3,20,28,1,46,0.9655172413793104,0.3783783783783784,0.5436893203883495
3hop_comp_72,0.7,sell,1,200,28,1,46,0.9655172413793104,0.3783783783783784,0.5436893203883495
3hop_comp_72,0.7,sell,2,200,28,1,46,0.9655172413793104,0.3783783783783784,0.5436893203883495
3hop_comp_72,0.7,sell,3,200,28,1,46,0.9655172413793104,0.3783783783783784,0.5436893203883495
3hop_comp_73,0.7,classic_lp,0,0,68,18,4,0.7906976744186046,0.9444444444444444,0.8607594936708861
3hop_comp_73,0.7,sell,1,20,28,8,44,0.7777777777777778,0.3888888888888889,0.5185185185185185
3hop_comp_73,0.7,sell,2,20,39,9,33,0.8125,0.5416666666666666,0.65
3hop_comp_73,0.7,sell,3,20,39,9,33,0.8125,0.5416666666666666,0.65
3hop_comp_73,0.7,sell,1,200,28,8,44,0.7777777777777778,0.3888888888888889,0.5185185185185185
3hop_comp_73,0.7,sell,2,200,39,9,33,0.8125,0.5416666666666666,0.65
3hop_comp_73,0.7,sell,3,200,39,9,33,0.8125,0.5416666666666666,0.65
3hop_comp_75,0.7,classic_lp,0,0,41,12,30,0.7735849056603774,0.5774647887323944,0.6612903225806451
3hop_comp_75,0.7,sell,1,20,15,7,56,0.6818181818181818,0.2112676056338028,0.3225806451612903
3hop_comp_75,0.7,sell,2,20,19,7,52,0.7307692307692307,0.2676056338028169,0.3917525773195876
3hop_comp_75,0.7,sell,3,20,19,7,52,0.7307692307692307,0.2676056338028169,0.3917525773195876
3hop_comp_75,0.7,sell,1,200,15,7,56,0.6818181818181818,0.2112676056338028,0.3225806451612903
3hop_comp_75,0.7,sell,2,200,19,7,52,0.7307692307692307,0.2676056338028169,0.3917525773195876
3hop_comp_75,0.7,sell,3,200,19,7,52,0.7307692307692307,0.2676056338028169,0.3917525773195876
3hop_comp_77,0.7,classic_lp,0,0,74,10,4,0.8809523809523809,0.9487179487179487,0.9135802469135802
3hop_comp_77,0.7,sell,1,20,24,2,54,0.9230769230769231,0.3076923076923077,0.4615384615384615
3hop_comp_77,0.7,sell,2,20,37,3,41,0.925,0.47435897435897434,0.6271186440677966
3hop_comp_77,0.7,sell,3,20,43,3,35,0.9347826086956522,0.5512820512820513,0.6935483870967742
3hop_comp_77,0.7,sell,1,200,24,2,54,0.9230769230769231,0.3076923076923077,0.4615384615384615
3hop_comp_77,0.7,sell,2,200,37,3,41,0.925,0.47435897435897434,0.6271186440677966
3hop_comp_77,0.7,sell,3,200,43,3,35,0.9347826086956522,0.5512820512820513,0.6935483870967742
3hop_comp_81,0.7,classic_lp,0,0,70,14,0,0.8333333333333334,1.0,0.9090909090909091
3hop_comp_81,0.7,sell,1,20,24,3,46,0.8888888888888888,0.34285714285714286,0.4948453608247422
3hop_comp_81,0.7,sell,2,20,38,5,32,0.8837209302325582,0.5428571428571428,0.6725663716814159
3hop_comp_81,0.7,sell,3,20,38,5,32,0.8837209302325582,0.5428571428571428,0.6725663716814159
3hop_comp_81,0.7,sell,1,200,24,3,46,0.8888888888888888,0.34285714285714286,0.4948453608247422
3hop_comp_81,0.7,sell,2,200,38,5,32,0.8837209302325582,0.5428571428571428,0.6725663716814159
3hop_comp_81,0.7,sell,3,200,38,5,32,0.8837209302325582,0.5428571428571428,0.6725663716814159
3hop_comp_84,0.7,classic_lp,0,0,62,8,14,0.8857142857142857,0.8157894736842105,0.8493150684931505
3hop_comp_84,0.7,sell,1,20,19,0,57,1.0,0.25,0.4
3hop_comp_84,0.7,sell,2,20,24,1,52,0.96,0.3157894736842105,0.47524752475247517
3hop_comp_84,0.7,sell,3,20,24,1,52,0.96,0.3157894736842105,0.47524752475247517
3hop_comp_84,0.7,sell,1,200,19,0,57,1.0,0.25,0.4
3hop_comp_84,0.7,sell,2,200,24,1,52,0.96,0.3157894736842105,0.47524752475247517
3hop_comp_84,0.7,sell,3,200,24,1,52,0.96,0.3157894736842105,0.47524752475247517
3hop_comp_85,0.7,classic_lp,0,0,62,18,7,0.775,0.8985507246376812,0.8322147651006713
3hop_comp_85,0.7,sell,1,20,22,3,47,0.88,0.3188405797101449,0.4680851063829787
3hop_comp_85,0.7,sell,2,20,31,3,38,0.9117647058823529,0.4492753623188406,0.6019417475728155
3hop_comp_85,0.7,sell,3,20,34,3,35,0.918918918918919,0.4927536231884058,0.6415094339622641
3hop_comp_85,0.7,sell,1,200,22,3,47,0.88,0.3188405797101449,0.4680851063829787
3hop_comp_85,0.7,sell,2,200,31,3,38,0.9117647058823529,0.4492753623188406,0.6019417475728155
3hop_comp_85,0.7,sell,3,200,34,3,35,0.918918918918919,0.4927536231884058,0.6415094339622641
3hop_comp_86,0.7,classic_lp,0,0,68,3,9,0.9577464788732394,0.8831168831168831,0.918918918918919
3hop_comp_86,0.7,sell,1,20,25,2,52,0.9259259259259259,0.3246753246753247,0.48076923076923084
3hop_comp_86,0.7,sell,2,20,37,3,40,0.925,0.4805194805194805,0.6324786324786325
3hop_comp_86,0.7,sell,3,20,37,3,40,0.925,0.4805194805194805,0.6324786324786325
3hop_comp_86,0.7,sell,1,200,25,2,52,0.9259259259259259,0.3246753246753247,0.48076923076923084
3hop_comp_86,0.7,sell,2,200,37,3,40,0.925,0.4805194805194805,0.6324786324786325
3hop_comp_86,0.7,sell,3,200,37,3,40,0.925,0.4805194805194805,0.6324786324786325
3hop_comp_87,0.7,classic_lp,0,0,79,10,0,0.8876404494382022,1.0,0.9404761904761905
3hop_comp_87,0.7,sell,1,20,41,1,38,0.9761904761904762,0.5189873417721519,0.6776859504132231
3hop_comp_87,0.7,sell,2,20,51,2,28,0.9622641509433962,0.6455696202531646,0.7727272727272728
3hop_comp_87,0.7,sell,3,20,52,2,27,0.9629629629629629,0.6582278481012658,0.7819548872180452
3hop_comp_87,0.7,sell,1,200,41,1,38,0.9761904761904762,0.5189873417721519,0.6776859504132231
3hop_comp_87,0.7,sell,2,200,56,2,23,0.9655172413793104,0.7088607594936709,0.8175182481751826
3hop_comp_87,0.7,sell,3,200,58,2,21,0.9666666666666667,0.7341772151898734,0.8345323741007195
3hop_comp_94,0.7,classic_lp,0,0,40,23,16,0.6349206349206349,0.7142857142857143,0.6722689075630252
3hop_comp_94,0.7,sell,1,20,10,8,46,0.5555555555555556,0.17857142857142858,0.2702702702702703
3hop_comp_94,0.7,sell,2,20,19,10,37,0.6551724137931034,0.3392857142857143,0.44705882352941173
3hop_comp_94,0.7,sell,3,20,21,13,35,0.6176470588235294,0.375,0.4666666666666667
3hop_comp_94,0.7,sell,1,200,10,8,46,0.5555555555555556,0.17857142857142858,0.2702702702702703
3hop_comp_94,0.7,sell,2,200,19,10,37,0.6551724137931034,0.3392857142857143,0.44705882352941173
3hop_comp_94,0.7,sell,3,200,21,13,35,0.6176470588235294,0.375,0.4666666666666667
3hop_comp_96,0.7,classic_lp,0,0,69,18,0,0.7931034482758621,1.0,0.8846153846153846
3hop_comp_96,0.7,sell,1,20,25,2,44,0.9259259259259259,0.36231884057971014,0.5208333333333334
3hop_comp_96,0.7,sell,2,20,41,4,28,0.9111111111111111,0.5942028985507246,0.7192982456140351
3hop_comp_96,0.7,sell,3,20,44,6,25,0.88,0.6376811594202898,0.7394957983193275
3hop_comp_96,0.7,sell,1,200,25,2,44,0.9259259259259259,0.36231884057971014,0.5208333333333334
3hop_comp_96,0.7,sell,2,200,41,4,28,0.9111111111111111,0.5942028985507246,0.7192982456140351
3hop_comp_96,0.7,sell,3,200,44,6,25,0.88,0.6376811594202898,0.7394957983193275
3hop_comp_100,0.7,classic_lp,0,0,23,19,29,0.5476190476190477,0.4423076923076923,0.4893617021276596
3hop_comp_100,0.7,sell,1,20,6,11,46,0.35294117647058826,0.11538461538461539,0.1739130434782609
3hop_comp_100,0.7,sell,2,20,6,11,46,0.35294117647058826,0.11538461538461539,0.1739130434782609
3hop_comp_100,0.7,sell,3,20,6,11,46,0.35294117647058826,0.11538461538461539,0.1739130434782609
3hop_comp_100,0.7,sell,1,200,6,11,46,0.35294117647058826,0.11538461538461539,0.1739130434782609
3hop_comp_100,0.7,sell,2,200,6,11,46,0.35294117647058826,0.11538461538461539,0.1739130434782609
3hop_comp_100,0.7,sell,3,200,6,11,46,0.35294117647058826,0.11538461538461539,0.1739130434782609
3hop_comp_103,0.7,classic_lp,0,0,48,28,3,0.631578947368421,0.9411764705882353,0.7559055118110236
3hop_comp_103,0.7,sell,1,20,13,6,38,0.6842105263157895,0.2549019607843137,0.37142857142857144
3hop_comp_103,0.7,sell,2,20,19,8,32,0.7037037037037037,0.37254901960784315,0.4871794871794872
3hop_comp_103,0.7,sell,3,20,26,8,25,0.7647058823529411,0.5098039215686274,0.6117647058823529
3hop_comp_103,0.7,sell,1,200,13,6,38,0.6842105263157895,0.2549019607843137,0.37142857142857144
3hop_comp_103,0.7,sell,2,200,19,8,32,0.7037037037037037,0.37254901960784315,0.4871794871794872
3hop_comp_103,0.7,sell,3,200,26,8,25,0.7647058823529411,0.5098039215686274,0.6117647058823529
3hop_comp_105,0.7,classic_lp,0,0,57,9,18,0.8636363636363636,0.76,0.8085106382978724
3hop_comp_105,0.7,sell,1,20,21,2,54,0.9130434782608695,0.28,0.42857142857142866
3hop_comp_105,0.7,sell,2,20,25,4,50,0.8620689655172413,0.3333333333333333,0.4807692307692308
3hop_comp_105,0.7,sell,3,20,29,4,46,0.8787878787878788,0.38666666666666666,0.537037037037037
3hop_comp_105,0.7,sell,1,200,21,2,54,0.9130434782608695,0.28,0.42857142857142866
3hop_comp_105,0.7,sell,2,200,25,4,50,0.8620689655172413,0.3333333333333333,0.4807692307692308
3hop_comp_105,0.7,sell,3,200,29,4,46,0.8787878787878788,0.38666666666666666,0.537037037037037
3hop_comp_108,0.7,classic_lp,0,0,69,12,7,0.8518518518518519,0.9078947368421053,0.8789808917197451
3hop_comp_108,0.7,sell,1,20,29,3,47,0.90625,0.3815789473684211,0.5370370370370371
3hop_comp_108,0.7,sell,2,20,42,5,34,0.8936170212765957,0.5526315789473685,0.6829268292682927
3hop_comp_108,0.7,sell,3,20,42,5,34,0.8936170212765957,0.5526315789473685,0.6829268292682927
3hop_comp_108,0.7,sell,1,200,29,3,47,0.90625,0.3815789473684211,0.5370370370370371
3hop_comp_108,0.7,sell,2,200,42,5,34,0.8936170212765957,0.5526315789473685,0.6829268292682927
3hop_comp_108,0.7,sell,3,200,42,5,34,0.8936170212765957,0.5526315789473685,0.6829268292682927
3hop_comp_109,0.7,classic_lp,0,0,75,10,3,0.8823529411764706,0.9615384615384616,0.920245398773006
3hop_comp_109,0.7,sell,1,20,25,2,53,0.9259259259259259,0.32051282051282054,0.4761904761904762
3hop_comp_109,0.7,sell,2,20,40,4,38,0.9090909090909091,0.5128205128205128,0.6557377049180326
3hop_comp_109,0.7,sell,3,20,49,4,29,0.9245283018867925,0.6282051282051282,0.7480916030534351
3hop_comp_109,0.7,sell,1,200,25,2,53,0.9259259259259259,0.32051282051282054,0.4761904761904762
3hop_comp_109,0.7,sell,2,200,40,4,38,0.9090909090909091,0.5128205128205128,0.6557377049180326
3hop_comp_109,0.7,sell,3,200,49,4,29,0.9245283018867925,0.6282051282051282,0.7480916030534351
3hop_comp_110,0.7,classic_lp,0,0,45,21,10,0.6818181818181818,0.8181818181818182,0.7438016528925621
3hop_comp_110,0.7,sell,1,20,10,8,45,0.5555555555555556,0.18181818181818182,0.273972602739726
3hop_comp_110,0.7,sell,2,20,18,8,37,0.6923076923076923,0.32727272727272727,0.4444444444444444
3hop_comp_110,0.7,sell,3,20,22,9,33,0.7096774193548387,0.4,0.5116279069767441
3hop_comp_110,0.7,sell,1,200,10,8,45,0.5555555555555556,0.18181818181818182,0.273972602739726
3hop_comp_110,0.7,sell,2,200,18,8,37,0.6923076923076923,0.32727272727272727,0.4444444444444444
3hop_comp_110,0.7,sell,3,200,22,9,33,0.7096774193548387,0.4,0.5116279069767441
3hop_comp_112,0.7,classic_lp,0,0,37,22,0,0.6271186440677966,1.0,0.7708333333333333
3hop_comp_112,0.7,sell,1,20,15,4,22,0.7894736842105263,0.40540540540540543,0.5357142857142857
3hop_comp_112,0.7,sell,2,20,18,9,19,0.6666666666666666,0.4864864864864865,0.5625
3hop_comp_112,0.7,sell,3,20,18,9,19,0.6666666666666666,0.4864864864864865,0.5625
3hop_comp_112,0.7,sell,1,200,15,4,22,0.7894736842105263,0.40540540540540543,0.5357142857142857
3hop_comp_112,0.7,sell,2,200,18,9,19,0.6666666666666666,0.4864864864864865,0.5625
3hop_comp_112,0.7,sell,3,200,18,9,19,0.6666666666666666,0.4864864864864865,0.5625
3hop_comp_115,0.7,classic_lp,0,0,54,11,15,0.8307692307692308,0.782608695652174,0.8059701492537313
3hop_comp_115,0.7,sell,1,20,20,3,49,0.8695652173913043,0.2898550724637681,0.4347826086956521
3hop_comp_115,0.7,sell,2,20,26,3,43,0.896551724137931,0.37681159420289856,0.5306122448979592
3hop_comp_115,0.7,sell,3,20,26,3,43,0.896551724137931,0.37681159420289856,0.5306122448979592
3hop_comp_115,0.7,sell,1,200,20,3,49,0.8695652173913043,0.2898550724637681,0.4347826086956521
3hop_comp_115,0.7,sell,2,200,26,3,43,0.896551724137931,0.37681159420289856,0.5306122448979592
3hop_comp_115,0.7,sell,3,200,26,3,43,0.896551724137931,0.37681159420289856,0.5306122448979592
3hop_comp_116,0.7,classic_lp,0,0,49,17,15,0.7424242424242424,0.765625,0.7538461538461539
3hop_comp_116,0.7,sell,1,20,23,7,41,0.7666666666666667,0.359375,0.4893617021276596
3hop_comp_116,0.7,sell,2,20,23,7,41,0.7666666666666667,0.359375,0.4893617021276596
3hop_comp_116,0.7,sell,3,20,23,7,41,0.7666666666666667,0.359375,0.4893617021276596
3hop_comp_116,0.7,sell,1,200,23,7,41,0.7666666666666667,0.359375,0.4893617021276596
3hop_comp_116,0.7,sell,2,200,23,7,41,0.7666666666666667,0.359375,0.4893617021276596
3hop_comp_116,0.7,sell,3,200,23,7,41,0.7666666666666667,0.359375,0.4893617021276596
3hop_comp_120,0.7,classic_lp,0,0,78,7,2,0.9176470588235294,0.975,0.9454545454545454
3hop_comp_120,0.7,sell,1,20,23,1,57,0.9583333333333334,0.2875,0.4423076923076923
3hop_comp_120,0.7,sell,2,20,40,2,40,0.9523809523809523,0.5,0.6557377049180327
3hop_comp_120,0.7,sell,3,20,46,2,34,0.9583333333333334,0.575,0.71875
3hop_comp_120,0.7,sell,1,200,23,1,57,0.9583333333333334,0.2875,0.4423076923076923
3hop_comp_120,0.7,sell,2,200,40,2,40,0.9523809523809523,0.5,0.6557377049180327
3hop_comp_120,0.7,sell,3,200,46,2,34,0.9583333333333334,0.575,0.71875
3hop_comp_121,0.7,classic_lp,0,0,56,7,19,0.8888888888888888,0.7466666666666667,0.8115942028985508
3hop_comp_121,0.7,sell,1,20,13,6,62,0.6842105263157895,0.17333333333333334,0.2765957446808511
3hop_comp_121,0.7,sell,2,20,19,6,56,0.76,0.25333333333333335,0.38
3hop_comp_121,0.7,sell,3,20,19,6,56,0.76,0.25333333333333335,0.38
3hop_comp_121,0.7,sell,1,200,13,6,62,0.6842105263157895,0.17333333333333334,0.2765957446808511
3hop_comp_121,0.7,sell,2,200,19,6,56,0.76,0.25333333333333335,0.38
3hop_comp_121,0.7,sell,3,200,19,6,56,0.76,0.25333333333333335,0.38
3hop_comp_122,0.7,classic_lp,0,0,65,10,13,0.8666666666666667,0.8333333333333334,0.8496732026143791
3hop_comp_122,0.7,sell,1,20,25,3,53,0.8928571428571429,0.32051282051282054,0.4716981132075472
3hop_comp_122,0.7,sell,2,20,29,4,49,0.8787878787878788,0.3717948717948718,0.5225225225225225
3hop_comp_122,0.7,sell,3,20,29,4,49,0.8787878787878788,0.3717948717948718,0.5225225225225225
3hop_comp_122,0.7,sell,1,200,25,3,53,0.8928571428571429,0.32051282051282054,0.4716981132075472
3hop_comp_122,0.7,sell,2,200,29,4,49,0.8787878787878788,0.3717948717948718,0.5225225225225225
3hop_comp_122,0.7,sell,3,200,29,4,49,0.8787878787878788,0.3717948717948718,0.5225225225225225
3hop_comp_123,0.7,classic_lp,0,0,32,31,16,0.5079365079365079,0.6666666666666666,0.5765765765765767
3hop_comp_123,0.7,sell,1,20,9,4,39,0.6923076923076923,0.1875,0.29508196721311475
3hop_comp_123,0.7,sell,2,20,13,8,35,0.6190476190476191,0.2708333333333333,0.37681159420289856
3hop_comp_123,0.7,sell,3,20,16,10,32,0.6153846153846154,0.3333333333333333,0.43243243243243246
3hop_comp_123,0.7,sell,1,200,9,4,39,0.6923076923076923,0.1875,0.29508196721311475
3hop_comp_123,0.7,sell,2,200,13,8,35,0.6190476190476191,0.2708333333333333,0.37681159420289856
3hop_comp_123,0.7,sell,3,200,16,10,32,0.6153846153846154,0.3333333333333333,0.43243243243243246
3hop_comp_130,0.7,classic_lp,0,0,70,0,0,1.0,1.0,1.0
3hop_comp_130,0.7,sell,1,20,18,0,52,1.0,0.2571428571428571,0.40909090909090906
3hop_comp_130,0.7,sell,2,20,25,0,45,1.0,0.35714285714285715,0.5263157894736842
3hop_comp_130,0.7,sell,3,20,29,0,41,1.0,0.4142857142857143,0.5858585858585859
3hop_comp_130,0.7,sell,1,200,18,0,52,1.0,0.2571428571428571,0.40909090909090906
3hop_comp_130,0.7,sell,2,200,25,0,45,1.0,0.35714285714285715,0.5263157894736842
3hop_comp_130,0.7,sell,3,200,29,0,41,1.0,0.4142857142857143,0.5858585858585859
3hop_comp_132,0.7,classic_lp,0,0,68,14,5,0.8292682926829268,0.9315068493150684,0.8774193548387096
3hop_comp_132,0.7,sell,1,20,22,3,51,0.88,0.3013698630136986,0.4489795918367347
3hop_comp_132,0.7,sell,2,20,34,4,39,0.8947368421052632,0.4657534246575342,0.6126126126126126
3hop_comp_132,0.7,sell,3,20,34,4,39,0.8947368421052632,0.4657534246575342,0.6126126126126126
3hop_comp_132,0.7,sell,1,200,22,3,51,0.88,0.3013698630136986,0.4489795918367347
3hop_comp_132,0.7,sell,2,200,34,4,39,0.8947368421052632,0.4657534246575342,0.6126126126126126
3hop_comp_132,0.7,sell,3,200,34,4,39,0.8947368421052632,0.4657534246575342,0.6126126126126126
3hop_comp_137,0.7,classic_lp,0,0,70,13,10,0.8433734939759037,0.875,0.8588957055214724
3hop_comp_137,0.7,sell,1,20,27,3,53,0.9,0.3375,0.4909090909090909
3hop_comp_137,0.7,sell,2,20,38,3,42,0.926829268292683,0.475,0.628099173553719
3hop_comp_137,0.7,sell,3,20,42,3,38,0.9333333333333333,0.525,0.672
3hop_comp_137,0.7,sell,1,200,27,3,53,0.9,0.3375,0.4909090909090909
3hop_comp_137,0.7,sell,2,200,38,3,42,0.926829268292683,0.475,0.628099173553719
3hop_comp_137,0.7,sell,3,200,42,3,38,0.9333333333333333,0.525,0.672
3hop_comp_142,0.7,classic_lp,0,0,66,4,13,0.9428571428571428,0.8354430379746836,0.8859060402684563
3hop_comp_142,0.7,sell,1,20,26,2,53,0.9285714285714286,0.3291139240506329,0.48598130841121495
3hop_comp_142,0.7,sell,2,20,31,2,48,0.9393939393939394,0.3924050632911392,0.5535714285714286
3hop_comp_142,0.7,sell,3,20,34,2,45,0.9444444444444444,0.43037974683544306,0.5913043478260869
3hop_comp_142,0.7,sell,1,200,26,2,53,0.9285714285714286,0.3291139240506329,0.48598130841121495
3hop_comp_142,0.7,sell,2,200,31,2,48,0.9393939393939394,0.3924050632911392,0.5535714285714286
3hop_comp_142,0.7,sell,3,200,34,2,45,0.9444444444444444,0.43037974683544306,0.5913043478260869
